m	phi	pmax	ith_such_poset	cardinality	poset
10	0.5	0.1	0	6	Poset(parent_to_children={3: {2}, 4: {8}, 6: {7}}, item_set={0, 1, 2, 3, 4, 5, 6, 7, 8, 9})
10	0.5	0.1	1	6	Poset(parent_to_children={1: {8}, 4: {9}, 3: {8, 7}}, item_set={0, 1, 2, 3, 4, 5, 6, 7, 8, 9})
10	0.5	0.1	2	2	Poset(parent_to_children={0: {1}}, item_set={0, 1, 2, 3, 4, 5, 6, 7, 8, 9})
10	0.5	0.1	3	2	Poset(parent_to_children={6: {7}}, item_set={0, 1, 2, 3, 4, 5, 6, 7, 8, 9})
10	0.5	0.1	4	2	Poset(parent_to_children={1: {4}}, item_set={0, 1, 2, 3, 4, 5, 6, 7, 8, 9})
10	0.5	0.1	5	4	Poset(parent_to_children={1: {0}, 3: {2}}, item_set={0, 1, 2, 3, 4, 5, 6, 7, 8, 9})
10	0.5	0.1	6	2	Poset(parent_to_children={1: {6}}, item_set={0, 1, 2, 3, 4, 5, 6, 7, 8, 9})
10	0.5	0.1	7	2	Poset(parent_to_children={4: {6}}, item_set={0, 1, 2, 3, 4, 5, 6, 7, 8, 9})
10	0.5	0.1	8	4	Poset(parent_to_children={0: {8}, 2: {3}}, item_set={0, 1, 2, 3, 4, 5, 6, 7, 8, 9})
10	0.5	0.1	9	6	Poset(parent_to_children={2: {6}, 0: {9}, 4: {5}}, item_set={0, 1, 2, 3, 4, 5, 6, 7, 8, 9})
10	0.5	0.1	10	2	Poset(parent_to_children={2: {7}}, item_set={0, 1, 2, 3, 4, 5, 6, 7, 8, 9})
10	0.5	0.1	11	4	Poset(parent_to_children={1: {2}, 4: {7}}, item_set={0, 1, 2, 3, 4, 5, 6, 7, 8, 9})
10	0.5	0.1	12	4	Poset(parent_to_children={2: {7}, 1: {4}}, item_set={0, 1, 2, 3, 4, 5, 6, 7, 8, 9})
10	0.5	0.1	13	5	Poset(parent_to_children={0: {3, 6}, 2: {4}}, item_set={0, 1, 2, 3, 4, 5, 6, 7, 8, 9})
10	0.5	0.1	14	6	Poset(parent_to_children={1: {4, 6}, 3: {5}, 4: {7}, 5: {6}}, item_set={0, 1, 2, 3, 4, 5, 6, 7, 8, 9})
10	0.5	0.1	15	4	Poset(parent_to_children={2: {0}, 1: {5}}, item_set={0, 1, 2, 3, 4, 5, 6, 7, 8, 9})
10	0.5	0.1	16	2	Poset(parent_to_children={9: {5}}, item_set={0, 1, 2, 3, 4, 5, 6, 7, 8, 9})
10	0.5	0.1	17	5	Poset(parent_to_children={5: {6, 7}, 2: {8}, 7: {8}}, item_set={0, 1, 2, 3, 4, 5, 6, 7, 8, 9})
10	0.5	0.1	18	8	Poset(parent_to_children={1: {6}, 2: {0, 8}, 5: {3}, 6: {8, 9}}, item_set={0, 1, 2, 3, 4, 5, 6, 7, 8, 9})
10	0.5	0.1	19	5	Poset(parent_to_children={0: {8}, 6: {9, 7}, 9: {8}}, item_set={0, 1, 2, 3, 4, 5, 6, 7, 8, 9})
10	0.5	0.1	20	2	Poset(parent_to_children={4: {8}}, item_set={0, 1, 2, 3, 4, 5, 6, 7, 8, 9})
10	0.5	0.1	21	6	Poset(parent_to_children={0: {4, 5}, 1: {8, 3}, 4: {8}, 3: {5}}, item_set={0, 1, 2, 3, 4, 5, 6, 7, 8, 9})
10	0.5	0.1	22	7	Poset(parent_to_children={2: {9, 4, 6}, 0: {1}, 8: {4}}, item_set={0, 1, 2, 3, 4, 5, 6, 7, 8, 9})
10	0.5	0.1	23	2	Poset(parent_to_children={3: {5}}, item_set={0, 1, 2, 3, 4, 5, 6, 7, 8, 9})
10	0.5	0.1	24	4	Poset(parent_to_children={2: {8}, 5: {6}}, item_set={0, 1, 2, 3, 4, 5, 6, 7, 8, 9})
10	0.5	0.1	25	4	Poset(parent_to_children={5: {9}, 6: {7}}, item_set={0, 1, 2, 3, 4, 5, 6, 7, 8, 9})
10	0.5	0.1	26	8	Poset(parent_to_children={2: {9, 4}, 0: {5, 6}, 4: {8}, 6: {7}}, item_set={0, 1, 2, 3, 4, 5, 6, 7, 8, 9})
10	0.5	0.1	27	2	Poset(parent_to_children={1: {8}}, item_set={0, 1, 2, 3, 4, 5, 6, 7, 8, 9})
10	0.5	0.1	28	5	Poset(parent_to_children={5: {9, 7}, 8: {2}}, item_set={0, 1, 2, 3, 4, 5, 6, 7, 8, 9})
10	0.5	0.1	29	4	Poset(parent_to_children={2: {3}, 1: {7}}, item_set={0, 1, 2, 3, 4, 5, 6, 7, 8, 9})
10	0.5	0.1	30	5	Poset(parent_to_children={2: {3}, 1: {6}, 3: {9}}, item_set={0, 1, 2, 3, 4, 5, 6, 7, 8, 9})
10	0.5	0.1	31	6	Poset(parent_to_children={0: {8, 9}, 3: {9, 5}, 9: {5, 7}}, item_set={0, 1, 2, 3, 4, 5, 6, 7, 8, 9})
10	0.5	0.1	32	4	Poset(parent_to_children={3: {4}, 5: {6}}, item_set={0, 1, 2, 3, 4, 5, 6, 7, 8, 9})
10	0.5	0.1	33	2	Poset(parent_to_children={1: {5}}, item_set={0, 1, 2, 3, 4, 5, 6, 7, 8, 9})
10	0.5	0.1	34	3	Poset(parent_to_children={0: {1, 7}}, item_set={0, 1, 2, 3, 4, 5, 6, 7, 8, 9})
10	0.5	0.1	35	6	Poset(parent_to_children={2: {5}, 1: {9, 4, 7}, 7: {9}}, item_set={0, 1, 2, 3, 4, 5, 6, 7, 8, 9})
10	0.5	0.1	36	6	Poset(parent_to_children={0: {4}, 5: {8, 4}, 9: {7}}, item_set={0, 1, 2, 3, 4, 5, 6, 7, 8, 9})
10	0.5	0.1	37	2	Poset(parent_to_children={1: {5}}, item_set={0, 1, 2, 3, 4, 5, 6, 7, 8, 9})
10	0.5	0.1	38	3	Poset(parent_to_children={1: {8}, 7: {8}}, item_set={0, 1, 2, 3, 4, 5, 6, 7, 8, 9})
10	0.5	0.1	39	6	Poset(parent_to_children={0: {3}, 2: {8, 1, 3}, 7: {8}}, item_set={0, 1, 2, 3, 4, 5, 6, 7, 8, 9})
10	0.5	0.1	40	6	Poset(parent_to_children={3: {8}, 1: {9, 7}, 6: {7}}, item_set={0, 1, 2, 3, 4, 5, 6, 7, 8, 9})
10	0.5	0.1	41	5	Poset(parent_to_children={1: {0}, 2: {9}, 7: {9}}, item_set={0, 1, 2, 3, 4, 5, 6, 7, 8, 9})
10	0.5	0.1	42	2	Poset(parent_to_children={8: {9}}, item_set={0, 1, 2, 3, 4, 5, 6, 7, 8, 9})
10	0.5	0.1	43	2	Poset(parent_to_children={8: {3}}, item_set={0, 1, 2, 3, 4, 5, 6, 7, 8, 9})
10	0.5	0.1	44	2	Poset(parent_to_children={1: {8}}, item_set={0, 1, 2, 3, 4, 5, 6, 7, 8, 9})
10	0.5	0.1	45	2	Poset(parent_to_children={6: {7}}, item_set={0, 1, 2, 3, 4, 5, 6, 7, 8, 9})
10	0.5	0.1	46	4	Poset(parent_to_children={4: {7}, 8: {1}}, item_set={0, 1, 2, 3, 4, 5, 6, 7, 8, 9})
10	0.5	0.1	47	4	Poset(parent_to_children={2: {5}, 1: {7}}, item_set={0, 1, 2, 3, 4, 5, 6, 7, 8, 9})
10	0.5	0.1	48	3	Poset(parent_to_children={4: {8, 9}}, item_set={0, 1, 2, 3, 4, 5, 6, 7, 8, 9})
10	0.5	0.1	49	6	Poset(parent_to_children={2: {8, 9}, 0: {3}, 5: {8}}, item_set={0, 1, 2, 3, 4, 5, 6, 7, 8, 9})
10	0.5	0.1	50	5	Poset(parent_to_children={2: {7}, 3: {5}, 5: {4}}, item_set={0, 1, 2, 3, 4, 5, 6, 7, 8, 9})
10	0.5	0.1	51	4	Poset(parent_to_children={3: {0, 9, 5}, 5: {9}}, item_set={0, 1, 2, 3, 4, 5, 6, 7, 8, 9})
10	0.5	0.1	52	2	Poset(parent_to_children={4: {8}}, item_set={0, 1, 2, 3, 4, 5, 6, 7, 8, 9})
10	0.5	0.1	53	5	Poset(parent_to_children={0: {8, 6}, 4: {1}}, item_set={0, 1, 2, 3, 4, 5, 6, 7, 8, 9})
10	0.5	0.1	54	5	Poset(parent_to_children={3: {6}, 7: {6}, 8: {9}}, item_set={0, 1, 2, 3, 4, 5, 6, 7, 8, 9})
10	0.5	0.1	55	2	Poset(parent_to_children={0: {8}}, item_set={0, 1, 2, 3, 4, 5, 6, 7, 8, 9})
10	0.5	0.1	56	2	Poset(parent_to_children={1: {2}}, item_set={0, 1, 2, 3, 4, 5, 6, 7, 8, 9})
10	0.5	0.1	57	3	Poset(parent_to_children={2: {3, 4}}, item_set={0, 1, 2, 3, 4, 5, 6, 7, 8, 9})
10	0.5	0.1	58	4	Poset(parent_to_children={3: {4}, 0: {6}}, item_set={0, 1, 2, 3, 4, 5, 6, 7, 8, 9})
10	0.5	0.1	59	4	Poset(parent_to_children={2: {8}, 4: {9}, 9: {8}}, item_set={0, 1, 2, 3, 4, 5, 6, 7, 8, 9})
10	0.5	0.1	60	4	Poset(parent_to_children={1: {9}, 2: {6}}, item_set={0, 1, 2, 3, 4, 5, 6, 7, 8, 9})
10	0.5	0.1	61	4	Poset(parent_to_children={3: {9, 2}, 2: {7}}, item_set={0, 1, 2, 3, 4, 5, 6, 7, 8, 9})
10	0.5	0.1	62	2	Poset(parent_to_children={2: {6}}, item_set={0, 1, 2, 3, 4, 5, 6, 7, 8, 9})
10	0.5	0.1	63	3	Poset(parent_to_children={5: {8}, 6: {8}}, item_set={0, 1, 2, 3, 4, 5, 6, 7, 8, 9})
10	0.5	0.1	64	5	Poset(parent_to_children={0: {9}, 4: {9}, 3: {9}, 9: {7}}, item_set={0, 1, 2, 3, 4, 5, 6, 7, 8, 9})
10	0.5	0.1	65	4	Poset(parent_to_children={2: {8}, 3: {6}}, item_set={0, 1, 2, 3, 4, 5, 6, 7, 8, 9})
10	0.5	0.1	66	2	Poset(parent_to_children={0: {7}}, item_set={0, 1, 2, 3, 4, 5, 6, 7, 8, 9})
10	0.5	0.1	67	4	Poset(parent_to_children={5: {6}, 2: {4}}, item_set={0, 1, 2, 3, 4, 5, 6, 7, 8, 9})
10	0.5	0.1	68	2	Poset(parent_to_children={8: {3}}, item_set={0, 1, 2, 3, 4, 5, 6, 7, 8, 9})
10	0.5	0.1	69	6	Poset(parent_to_children={0: {1, 2, 5}, 7: {9, 2}}, item_set={0, 1, 2, 3, 4, 5, 6, 7, 8, 9})
10	0.5	0.1	70	5	Poset(parent_to_children={1: {3, 6}, 5: {3, 7}}, item_set={0, 1, 2, 3, 4, 5, 6, 7, 8, 9})
10	0.5	0.1	71	4	Poset(parent_to_children={2: {7}, 6: {9}}, item_set={0, 1, 2, 3, 4, 5, 6, 7, 8, 9})
10	0.5	0.1	72	3	Poset(parent_to_children={8: {4}, 9: {4}}, item_set={0, 1, 2, 3, 4, 5, 6, 7, 8, 9})
10	0.5	0.1	73	4	Poset(parent_to_children={0: {3}, 6: {7}}, item_set={0, 1, 2, 3, 4, 5, 6, 7, 8, 9})
10	0.5	0.1	74	5	Poset(parent_to_children={2: {6}, 0: {8, 9}}, item_set={0, 1, 2, 3, 4, 5, 6, 7, 8, 9})
10	0.5	0.1	75	2	Poset(parent_to_children={4: {8}}, item_set={0, 1, 2, 3, 4, 5, 6, 7, 8, 9})
10	0.5	0.1	76	2	Poset(parent_to_children={2: {4}}, item_set={0, 1, 2, 3, 4, 5, 6, 7, 8, 9})
10	0.5	0.1	77	6	Poset(parent_to_children={2: {9, 7}, 4: {5}, 5: {6}}, item_set={0, 1, 2, 3, 4, 5, 6, 7, 8, 9})
10	0.5	0.1	78	7	Poset(parent_to_children={1: {5}, 0: {3}, 3: {8, 9, 7}}, item_set={0, 1, 2, 3, 4, 5, 6, 7, 8, 9})
10	0.5	0.1	79	6	Poset(parent_to_children={0: {1, 3, 6}, 5: {8}}, item_set={0, 1, 2, 3, 4, 5, 6, 7, 8, 9})
10	0.5	0.1	80	4	Poset(parent_to_children={0: {9, 4, 6}}, item_set={0, 1, 2, 3, 4, 5, 6, 7, 8, 9})
10	0.5	0.1	81	8	Poset(parent_to_children={1: {2}, 0: {2, 7}, 2: {9}, 3: {8}, 7: {6}}, item_set={0, 1, 2, 3, 4, 5, 6, 7, 8, 9})
10	0.5	0.1	82	5	Poset(parent_to_children={3: {6}, 6: {9}, 7: {8}}, item_set={0, 1, 2, 3, 4, 5, 6, 7, 8, 9})
10	0.5	0.1	83	4	Poset(parent_to_children={2: {8}, 4: {6}}, item_set={0, 1, 2, 3, 4, 5, 6, 7, 8, 9})
10	0.5	0.1	84	2	Poset(parent_to_children={3: {6}}, item_set={0, 1, 2, 3, 4, 5, 6, 7, 8, 9})
10	0.5	0.1	85	7	Poset(parent_to_children={2: {1}, 1: {3}, 4: {9}, 9: {5, 7}}, item_set={0, 1, 2, 3, 4, 5, 6, 7, 8, 9})
10	0.5	0.1	86	2	Poset(parent_to_children={0: {7}}, item_set={0, 1, 2, 3, 4, 5, 6, 7, 8, 9})
10	0.5	0.1	87	2	Poset(parent_to_children={5: {4}}, item_set={0, 1, 2, 3, 4, 5, 6, 7, 8, 9})
10	0.5	0.1	88	5	Poset(parent_to_children={1: {3}, 0: {9}, 8: {9}}, item_set={0, 1, 2, 3, 4, 5, 6, 7, 8, 9})
10	0.5	0.1	89	7	Poset(parent_to_children={6: {2}, 7: {8, 1, 9}, 1: {3}}, item_set={0, 1, 2, 3, 4, 5, 6, 7, 8, 9})
10	0.5	0.1	90	4	Poset(parent_to_children={0: {7}, 8: {6}}, item_set={0, 1, 2, 3, 4, 5, 6, 7, 8, 9})
10	0.5	0.1	91	5	Poset(parent_to_children={4: {5}, 5: {6}, 7: {2}}, item_set={0, 1, 2, 3, 4, 5, 6, 7, 8, 9})
10	0.5	0.1	92	4	Poset(parent_to_children={7: {6}, 3: {2}}, item_set={0, 1, 2, 3, 4, 5, 6, 7, 8, 9})
10	0.5	0.1	93	5	Poset(parent_to_children={0: {8, 6}, 1: {7}}, item_set={0, 1, 2, 3, 4, 5, 6, 7, 8, 9})
10	0.5	0.1	94	2	Poset(parent_to_children={4: {8}}, item_set={0, 1, 2, 3, 4, 5, 6, 7, 8, 9})
10	0.5	0.1	95	4	Poset(parent_to_children={0: {1}, 3: {9}}, item_set={0, 1, 2, 3, 4, 5, 6, 7, 8, 9})
10	0.5	0.1	96	7	Poset(parent_to_children={4: {8}, 2: {8}, 1: {7}, 5: {8, 7}, 9: {7}}, item_set={0, 1, 2, 3, 4, 5, 6, 7, 8, 9})
10	0.5	0.1	97	2	Poset(parent_to_children={0: {6}}, item_set={0, 1, 2, 3, 4, 5, 6, 7, 8, 9})
10	0.5	0.1	98	4	Poset(parent_to_children={4: {1}, 8: {9}}, item_set={0, 1, 2, 3, 4, 5, 6, 7, 8, 9})
10	0.5	0.1	99	6	Poset(parent_to_children={0: {1}, 4: {8}, 6: {9}}, item_set={0, 1, 2, 3, 4, 5, 6, 7, 8, 9})
10	0.5	0.2	0	6	Poset(parent_to_children={3: {8, 5}, 1: {9, 6}}, item_set={0, 1, 2, 3, 4, 5, 6, 7, 8, 9})
10	0.5	0.2	1	9	Poset(parent_to_children={0: {7}, 1: {5}, 3: {8}, 8: {9, 6}, 4: {7}}, item_set={0, 1, 2, 3, 4, 5, 6, 7, 8, 9})
10	0.5	0.2	2	9	Poset(parent_to_children={0: {1}, 3: {9}, 4: {9}, 2: {8}, 1: {9}, 5: {7}}, item_set={0, 1, 2, 3, 4, 5, 6, 7, 8, 9})
10	0.5	0.2	3	6	Poset(parent_to_children={4: {9}, 1: {3}, 2: {5}}, item_set={0, 1, 2, 3, 4, 5, 6, 7, 8, 9})
10	0.5	0.2	4	5	Poset(parent_to_children={2: {3}, 3: {0}, 5: {9}}, item_set={0, 1, 2, 3, 4, 5, 6, 7, 8, 9})
10	0.5	0.2	5	7	Poset(parent_to_children={0: {9}, 6: {9}, 2: {4}, 4: {7}, 8: {9}}, item_set={0, 1, 2, 3, 4, 5, 6, 7, 8, 9})
10	0.5	0.2	6	5	Poset(parent_to_children={2: {4}, 9: {8, 7}}, item_set={0, 1, 2, 3, 4, 5, 6, 7, 8, 9})
10	0.5	0.2	7	5	Poset(parent_to_children={3: {8}, 5: {7}, 4: {7}}, item_set={0, 1, 2, 3, 4, 5, 6, 7, 8, 9})
10	0.5	0.2	8	6	Poset(parent_to_children={2: {8}, 4: {9, 7}, 5: {8}}, item_set={0, 1, 2, 3, 4, 5, 6, 7, 8, 9})
10	0.5	0.2	9	5	Poset(parent_to_children={3: {4}, 1: {5}, 5: {6}}, item_set={0, 1, 2, 3, 4, 5, 6, 7, 8, 9})
10	0.5	0.2	10	7	Poset(parent_to_children={0: {8, 1, 2}, 1: {4, 7}, 3: {8, 7}, 8: {7}}, item_set={0, 1, 2, 3, 4, 5, 6, 7, 8, 9})
10	0.5	0.2	11	8	Poset(parent_to_children={5: {2}, 2: {0}, 1: {6, 7}, 3: {8}}, item_set={0, 1, 2, 3, 4, 5, 6, 7, 8, 9})
10	0.5	0.2	12	5	Poset(parent_to_children={3: {5}, 4: {9}, 6: {9}}, item_set={0, 1, 2, 3, 4, 5, 6, 7, 8, 9})
10	0.5	0.2	13	6	Poset(parent_to_children={5: {0}, 3: {8, 6}, 6: {9}}, item_set={0, 1, 2, 3, 4, 5, 6, 7, 8, 9})
10	0.5	0.2	14	7	Poset(parent_to_children={3: {5}, 2: {5}, 1: {9}, 4: {5}, 5: {8}}, item_set={0, 1, 2, 3, 4, 5, 6, 7, 8, 9})
10	0.5	0.2	15	7	Poset(parent_to_children={0: {1}, 5: {9, 7}, 1: {8, 9, 4}}, item_set={0, 1, 2, 3, 4, 5, 6, 7, 8, 9})
10	0.5	0.2	16	6	Poset(parent_to_children={1: {2}, 0: {8, 7}, 2: {6}}, item_set={0, 1, 2, 3, 4, 5, 6, 7, 8, 9})
10	0.5	0.2	17	8	Poset(parent_to_children={4: {1}, 2: {3}, 1: {9}, 5: {9}, 8: {6}, 3: {6}}, item_set={0, 1, 2, 3, 4, 5, 6, 7, 8, 9})
10	0.5	0.2	18	8	Poset(parent_to_children={2: {0, 4}, 0: {1}, 5: {1}, 1: {9, 6, 7}}, item_set={0, 1, 2, 3, 4, 5, 6, 7, 8, 9})
10	0.5	0.2	19	6	Poset(parent_to_children={0: {4}, 3: {2, 4}, 4: {8}, 2: {8, 9}}, item_set={0, 1, 2, 3, 4, 5, 6, 7, 8, 9})
10	0.5	0.2	20	3	Poset(parent_to_children={7: {6}, 6: {8}}, item_set={0, 1, 2, 3, 4, 5, 6, 7, 8, 9})
10	0.5	0.2	21	9	Poset(parent_to_children={1: {8, 9}, 3: {2}, 6: {4, 5}, 9: {7}}, item_set={0, 1, 2, 3, 4, 5, 6, 7, 8, 9})
10	0.5	0.2	22	9	Poset(parent_to_children={0: {6}, 2: {9}, 1: {9}, 4: {9, 7}, 3: {5}, 6: {9, 5}}, item_set={0, 1, 2, 3, 4, 5, 6, 7, 8, 9})
10	0.5	0.2	23	4	Poset(parent_to_children={1: {9}, 8: {5}, 5: {9}}, item_set={0, 1, 2, 3, 4, 5, 6, 7, 8, 9})
10	0.5	0.2	24	9	Poset(parent_to_children={0: {5, 6}, 1: {3}, 2: {4}, 5: {8}, 4: {9}}, item_set={0, 1, 2, 3, 4, 5, 6, 7, 8, 9})
10	0.5	0.2	25	8	Poset(parent_to_children={1: {8}, 3: {5}, 7: {8, 2}, 2: {5}, 4: {9}, 5: {8}}, item_set={0, 1, 2, 3, 4, 5, 6, 7, 8, 9})
10	0.5	0.2	26	5	Poset(parent_to_children={4: {8, 9, 3, 6}, 3: {9}, 9: {6}}, item_set={0, 1, 2, 3, 4, 5, 6, 7, 8, 9})
10	0.5	0.2	27	8	Poset(parent_to_children={3: {4}, 5: {2}, 2: {8, 9}, 6: {7}}, item_set={0, 1, 2, 3, 4, 5, 6, 7, 8, 9})
10	0.5	0.2	28	6	Poset(parent_to_children={0: {8, 4}, 1: {9}, 5: {9}}, item_set={0, 1, 2, 3, 4, 5, 6, 7, 8, 9})
10	0.5	0.2	29	6	Poset(parent_to_children={2: {9, 3}, 5: {9}, 7: {8}}, item_set={0, 1, 2, 3, 4, 5, 6, 7, 8, 9})
10	0.5	0.2	30	7	Poset(parent_to_children={2: {8, 7}, 3: {4}, 9: {6}}, item_set={0, 1, 2, 3, 4, 5, 6, 7, 8, 9})
10	0.5	0.2	31	4	Poset(parent_to_children={0: {4}, 9: {6}}, item_set={0, 1, 2, 3, 4, 5, 6, 7, 8, 9})
10	0.5	0.2	32	7	Poset(parent_to_children={1: {6}, 2: {3, 4}, 4: {9}, 3: {8}, 6: {8}}, item_set={0, 1, 2, 3, 4, 5, 6, 7, 8, 9})
10	0.5	0.2	33	6	Poset(parent_to_children={1: {6}, 3: {2}, 5: {8}}, item_set={0, 1, 2, 3, 4, 5, 6, 7, 8, 9})
10	0.5	0.2	34	8	Poset(parent_to_children={0: {1, 3}, 1: {8, 2}, 5: {8}, 4: {7}}, item_set={0, 1, 2, 3, 4, 5, 6, 7, 8, 9})
10	0.5	0.2	35	5	Poset(parent_to_children={1: {0, 3}, 4: {7}, 3: {7}}, item_set={0, 1, 2, 3, 4, 5, 6, 7, 8, 9})
10	0.5	0.2	36	6	Poset(parent_to_children={3: {2, 5, 7}, 2: {8}, 6: {8}}, item_set={0, 1, 2, 3, 4, 5, 6, 7, 8, 9})
10	0.5	0.2	37	10	Poset(parent_to_children={1: {5}, 2: {7}, 0: {4}, 3: {4}, 6: {9}, 7: {8}}, item_set={0, 1, 2, 3, 4, 5, 6, 7, 8, 9})
10	0.5	0.2	38	4	Poset(parent_to_children={0: {4, 5}, 3: {5}}, item_set={0, 1, 2, 3, 4, 5, 6, 7, 8, 9})
10	0.5	0.2	39	2	Poset(parent_to_children={0: {2}}, item_set={0, 1, 2, 3, 4, 5, 6, 7, 8, 9})
10	0.5	0.2	40	4	Poset(parent_to_children={2: {6}, 4: {9}}, item_set={0, 1, 2, 3, 4, 5, 6, 7, 8, 9})
10	0.5	0.2	41	6	Poset(parent_to_children={0: {3, 7}, 4: {5}, 5: {8}}, item_set={0, 1, 2, 3, 4, 5, 6, 7, 8, 9})
10	0.5	0.2	42	4	Poset(parent_to_children={0: {4}, 2: {9}}, item_set={0, 1, 2, 3, 4, 5, 6, 7, 8, 9})
10	0.5	0.2	43	5	Poset(parent_to_children={0: {9}, 3: {9}, 6: {8, 9}}, item_set={0, 1, 2, 3, 4, 5, 6, 7, 8, 9})
10	0.5	0.2	44	6	Poset(parent_to_children={0: {1, 7}, 3: {1, 5}, 1: {9, 5}}, item_set={0, 1, 2, 3, 4, 5, 6, 7, 8, 9})
10	0.5	0.2	45	6	Poset(parent_to_children={0: {7}, 2: {3}, 5: {9}}, item_set={0, 1, 2, 3, 4, 5, 6, 7, 8, 9})
10	0.5	0.2	46	3	Poset(parent_to_children={3: {8, 6}}, item_set={0, 1, 2, 3, 4, 5, 6, 7, 8, 9})
10	0.5	0.2	47	5	Poset(parent_to_children={2: {7}, 3: {6}, 7: {9}}, item_set={0, 1, 2, 3, 4, 5, 6, 7, 8, 9})
10	0.5	0.2	48	7	Poset(parent_to_children={4: {8, 1, 7}, 3: {8, 6}, 8: {9}, 9: {6}}, item_set={0, 1, 2, 3, 4, 5, 6, 7, 8, 9})
10	0.5	0.2	49	8	Poset(parent_to_children={1: {2}, 5: {9}, 2: {8}, 0: {8, 9, 4}, 3: {9}}, item_set={0, 1, 2, 3, 4, 5, 6, 7, 8, 9})
10	0.5	0.2	50	9	Poset(parent_to_children={0: {9}, 1: {2, 4}, 5: {9, 4}, 3: {6}, 6: {9}, 9: {8}}, item_set={0, 1, 2, 3, 4, 5, 6, 7, 8, 9})
10	0.5	0.2	51	6	Poset(parent_to_children={7: {1, 3, 9}, 3: {8, 9}, 6: {8}}, item_set={0, 1, 2, 3, 4, 5, 6, 7, 8, 9})
10	0.5	0.2	52	5	Poset(parent_to_children={0: {8, 9, 2}, 2: {5}, 5: {9}}, item_set={0, 1, 2, 3, 4, 5, 6, 7, 8, 9})
10	0.5	0.2	53	7	Poset(parent_to_children={1: {3}, 4: {5}, 3: {9, 6, 7}}, item_set={0, 1, 2, 3, 4, 5, 6, 7, 8, 9})
10	0.5	0.2	54	7	Poset(parent_to_children={0: {5}, 1: {6}, 2: {7}, 4: {5}}, item_set={0, 1, 2, 3, 4, 5, 6, 7, 8, 9})
10	0.5	0.2	55	2	Poset(parent_to_children={6: {3}}, item_set={0, 1, 2, 3, 4, 5, 6, 7, 8, 9})
10	0.5	0.2	56	8	Poset(parent_to_children={0: {4}, 1: {5}, 3: {8, 4, 6}, 6: {9}}, item_set={0, 1, 2, 3, 4, 5, 6, 7, 8, 9})
10	0.5	0.2	57	7	Poset(parent_to_children={0: {2, 5}, 1: {4}, 6: {4}, 5: {3}, 3: {4}}, item_set={0, 1, 2, 3, 4, 5, 6, 7, 8, 9})
10	0.5	0.2	58	7	Poset(parent_to_children={2: {8, 4, 7}, 5: {0, 8, 7}, 7: {0}, 4: {9}}, item_set={0, 1, 2, 3, 4, 5, 6, 7, 8, 9})
10	0.5	0.2	59	7	Poset(parent_to_children={1: {0, 2}, 3: {5, 6}, 5: {6}, 7: {2}, 2: {6}}, item_set={0, 1, 2, 3, 4, 5, 6, 7, 8, 9})
10	0.5	0.2	60	8	Poset(parent_to_children={1: {3, 4}, 2: {3}, 0: {9}, 6: {4}, 4: {8}, 8: {9}}, item_set={0, 1, 2, 3, 4, 5, 6, 7, 8, 9})
10	0.5	0.2	61	6	Poset(parent_to_children={0: {6}, 5: {3}, 3: {9, 7}}, item_set={0, 1, 2, 3, 4, 5, 6, 7, 8, 9})
10	0.5	0.2	62	4	Poset(parent_to_children={5: {7}, 8: {9}}, item_set={0, 1, 2, 3, 4, 5, 6, 7, 8, 9})
10	0.5	0.2	63	6	Poset(parent_to_children={3: {0, 5}, 8: {6, 7}, 6: {7}, 5: {7}}, item_set={0, 1, 2, 3, 4, 5, 6, 7, 8, 9})
10	0.5	0.2	64	6	Poset(parent_to_children={1: {5}, 3: {2, 4, 6}}, item_set={0, 1, 2, 3, 4, 5, 6, 7, 8, 9})
10	0.5	0.2	65	8	Poset(parent_to_children={0: {3, 4, 6}, 1: {6}, 8: {9}, 6: {7}}, item_set={0, 1, 2, 3, 4, 5, 6, 7, 8, 9})
10	0.5	0.2	66	4	Poset(parent_to_children={3: {0}, 8: {5}}, item_set={0, 1, 2, 3, 4, 5, 6, 7, 8, 9})
10	0.5	0.2	67	7	Poset(parent_to_children={0: {2}, 3: {4}, 1: {2}, 2: {9}, 4: {5}}, item_set={0, 1, 2, 3, 4, 5, 6, 7, 8, 9})
10	0.5	0.2	68	4	Poset(parent_to_children={4: {2}, 9: {8}}, item_set={0, 1, 2, 3, 4, 5, 6, 7, 8, 9})
10	0.5	0.2	69	8	Poset(parent_to_children={3: {5}, 0: {5}, 2: {4}, 1: {4, 6}, 7: {4, 6}, 4: {6}}, item_set={0, 1, 2, 3, 4, 5, 6, 7, 8, 9})
10	0.5	0.2	70	8	Poset(parent_to_children={1: {8, 9}, 0: {8, 2}, 3: {5}, 4: {5}}, item_set={0, 1, 2, 3, 4, 5, 6, 7, 8, 9})
10	0.5	0.2	71	4	Poset(parent_to_children={0: {1, 5, 7}}, item_set={0, 1, 2, 3, 4, 5, 6, 7, 8, 9})
10	0.5	0.2	72	5	Poset(parent_to_children={0: {3, 6}, 1: {3}, 3: {9}}, item_set={0, 1, 2, 3, 4, 5, 6, 7, 8, 9})
10	0.5	0.2	73	10	Poset(parent_to_children={1: {2}, 0: {7}, 2: {8, 3}, 4: {9}, 5: {7}, 6: {7}}, item_set={0, 1, 2, 3, 4, 5, 6, 7, 8, 9})
10	0.5	0.2	74	5	Poset(parent_to_children={1: {9}, 0: {5}, 2: {5}}, item_set={0, 1, 2, 3, 4, 5, 6, 7, 8, 9})
10	0.5	0.2	75	4	Poset(parent_to_children={7: {6}, 1: {4}}, item_set={0, 1, 2, 3, 4, 5, 6, 7, 8, 9})
10	0.5	0.2	76	7	Poset(parent_to_children={1: {7}, 0: {4}, 3: {8}, 6: {7}}, item_set={0, 1, 2, 3, 4, 5, 6, 7, 8, 9})
10	0.5	0.2	77	8	Poset(parent_to_children={3: {8}, 0: {4}, 4: {2}, 1: {9}, 2: {7}}, item_set={0, 1, 2, 3, 4, 5, 6, 7, 8, 9})
10	0.5	0.2	78	4	Poset(parent_to_children={1: {2}, 2: {4, 7}}, item_set={0, 1, 2, 3, 4, 5, 6, 7, 8, 9})
10	0.5	0.2	79	6	Poset(parent_to_children={0: {8, 5}, 1: {8, 9}, 3: {8, 9}}, item_set={0, 1, 2, 3, 4, 5, 6, 7, 8, 9})
10	0.5	0.2	80	7	Poset(parent_to_children={0: {4}, 1: {9}, 4: {8, 7}, 6: {9}}, item_set={0, 1, 2, 3, 4, 5, 6, 7, 8, 9})
10	0.5	0.2	81	8	Poset(parent_to_children={0: {1, 2, 4}, 2: {3, 4}, 3: {9}, 5: {6}}, item_set={0, 1, 2, 3, 4, 5, 6, 7, 8, 9})
10	0.5	0.2	82	8	Poset(parent_to_children={0: {1, 4}, 4: {9}, 2: {9}, 3: {9}, 1: {8, 6}}, item_set={0, 1, 2, 3, 4, 5, 6, 7, 8, 9})
10	0.5	0.2	83	7	Poset(parent_to_children={0: {4}, 2: {9, 5, 7}, 4: {9}, 8: {5}}, item_set={0, 1, 2, 3, 4, 5, 6, 7, 8, 9})
10	0.5	0.2	84	5	Poset(parent_to_children={1: {8}, 3: {9}, 4: {9}, 9: {8}}, item_set={0, 1, 2, 3, 4, 5, 6, 7, 8, 9})
10	0.5	0.2	85	4	Poset(parent_to_children={0: {2}, 3: {9}}, item_set={0, 1, 2, 3, 4, 5, 6, 7, 8, 9})
10	0.5	0.2	86	8	Poset(parent_to_children={2: {0, 6}, 3: {7}, 5: {4}, 0: {4}, 6: {9, 4}}, item_set={0, 1, 2, 3, 4, 5, 6, 7, 8, 9})
10	0.5	0.2	87	5	Poset(parent_to_children={0: {8, 7}, 5: {8, 6}}, item_set={0, 1, 2, 3, 4, 5, 6, 7, 8, 9})
10	0.5	0.2	88	7	Poset(parent_to_children={5: {8, 4}, 3: {8}, 2: {9, 7}}, item_set={0, 1, 2, 3, 4, 5, 6, 7, 8, 9})
10	0.5	0.2	89	6	Poset(parent_to_children={0: {8, 2}, 1: {8}, 3: {7}}, item_set={0, 1, 2, 3, 4, 5, 6, 7, 8, 9})
10	0.5	0.2	90	8	Poset(parent_to_children={2: {8, 4}, 1: {5}, 0: {9}, 6: {9}, 4: {9}}, item_set={0, 1, 2, 3, 4, 5, 6, 7, 8, 9})
10	0.5	0.2	91	6	Poset(parent_to_children={5: {7}, 1: {0}, 0: {4}, 7: {6}}, item_set={0, 1, 2, 3, 4, 5, 6, 7, 8, 9})
10	0.5	0.2	92	7	Poset(parent_to_children={0: {8, 3, 5, 7}, 2: {6}}, item_set={0, 1, 2, 3, 4, 5, 6, 7, 8, 9})
10	0.5	0.2	93	8	Poset(parent_to_children={0: {1, 2}, 2: {4, 5}, 1: {8, 5, 7}, 4: {6}}, item_set={0, 1, 2, 3, 4, 5, 6, 7, 8, 9})
10	0.5	0.2	94	5	Poset(parent_to_children={1: {3}, 3: {6}, 5: {8}}, item_set={0, 1, 2, 3, 4, 5, 6, 7, 8, 9})
10	0.5	0.2	95	6	Poset(parent_to_children={0: {8, 5}, 5: {1, 2}, 2: {8, 7}}, item_set={0, 1, 2, 3, 4, 5, 6, 7, 8, 9})
10	0.5	0.2	96	5	Poset(parent_to_children={4: {7}, 5: {9, 6}}, item_set={0, 1, 2, 3, 4, 5, 6, 7, 8, 9})
10	0.5	0.2	97	4	Poset(parent_to_children={0: {1}, 6: {9}, 1: {9}}, item_set={0, 1, 2, 3, 4, 5, 6, 7, 8, 9})
10	0.5	0.2	98	7	Poset(parent_to_children={0: {1}, 3: {6, 7}, 1: {5, 7}, 7: {8}}, item_set={0, 1, 2, 3, 4, 5, 6, 7, 8, 9})
10	0.5	0.2	99	10	Poset(parent_to_children={1: {0, 8, 6, 7}, 0: {9, 7}, 3: {6, 7}, 4: {8, 5}, 2: {5}}, item_set={0, 1, 2, 3, 4, 5, 6, 7, 8, 9})
10	0.5	0.3	0	7	Poset(parent_to_children={0: {9}, 2: {6}, 3: {1, 7}}, item_set={0, 1, 2, 3, 4, 5, 6, 7, 8, 9})
10	0.5	0.3	1	2	Poset(parent_to_children={0: {7}}, item_set={0, 1, 2, 3, 4, 5, 6, 7, 8, 9})
10	0.5	0.3	2	9	Poset(parent_to_children={2: {8}, 0: {7}, 1: {7}, 3: {4, 5}, 4: {9}}, item_set={0, 1, 2, 3, 4, 5, 6, 7, 8, 9})
10	0.5	0.3	3	6	Poset(parent_to_children={0: {3}, 2: {8, 7}, 3: {7}, 6: {7}, 7: {8}}, item_set={0, 1, 2, 3, 4, 5, 6, 7, 8, 9})
10	0.5	0.3	4	7	Poset(parent_to_children={1: {3}, 2: {8}, 4: {5, 7}}, item_set={0, 1, 2, 3, 4, 5, 6, 7, 8, 9})
10	0.5	0.3	5	7	Poset(parent_to_children={1: {8}, 3: {0, 9}, 4: {6}}, item_set={0, 1, 2, 3, 4, 5, 6, 7, 8, 9})
10	0.5	0.3	6	8	Poset(parent_to_children={1: {8}, 3: {4}, 5: {4}, 4: {8}, 9: {6}, 8: {7}}, item_set={0, 1, 2, 3, 4, 5, 6, 7, 8, 9})
10	0.5	0.3	7	7	Poset(parent_to_children={0: {1, 9}, 1: {8, 5}, 2: {9, 7}}, item_set={0, 1, 2, 3, 4, 5, 6, 7, 8, 9})
10	0.5	0.3	8	10	Poset(parent_to_children={0: {2, 3}, 3: {9, 2, 7}, 1: {5}, 4: {5, 6, 7, 8, 9}}, item_set={0, 1, 2, 3, 4, 5, 6, 7, 8, 9})
10	0.5	0.3	9	6	Poset(parent_to_children={0: {8}, 3: {5, 6}, 8: {9}}, item_set={0, 1, 2, 3, 4, 5, 6, 7, 8, 9})
10	0.5	0.3	10	8	Poset(parent_to_children={1: {4, 5}, 2: {5}, 4: {9, 7}, 3: {7}, 5: {6}}, item_set={0, 1, 2, 3, 4, 5, 6, 7, 8, 9})
10	0.5	0.3	11	8	Poset(parent_to_children={0: {9, 4}, 1: {8, 6}, 4: {7}, 2: {9}}, item_set={0, 1, 2, 3, 4, 5, 6, 7, 8, 9})
10	0.5	0.3	12	8	Poset(parent_to_children={1: {8}, 3: {8, 7}, 0: {8, 9, 7}, 9: {5}, 5: {4}}, item_set={0, 1, 2, 3, 4, 5, 6, 7, 8, 9})
10	0.5	0.3	13	8	Poset(parent_to_children={1: {9, 4, 5, 6}, 2: {8}, 7: {9}, 6: {8, 9}}, item_set={0, 1, 2, 3, 4, 5, 6, 7, 8, 9})
10	0.5	0.3	14	2	Poset(parent_to_children={1: {0}}, item_set={0, 1, 2, 3, 4, 5, 6, 7, 8, 9})
10	0.5	0.3	15	7	Poset(parent_to_children={0: {8, 1, 9}, 1: {3}, 3: {5}, 8: {6}}, item_set={0, 1, 2, 3, 4, 5, 6, 7, 8, 9})
10	0.5	0.3	16	8	Poset(parent_to_children={2: {8, 4, 5}, 7: {8, 9, 6}, 3: {6}}, item_set={0, 1, 2, 3, 4, 5, 6, 7, 8, 9})
10	0.5	0.3	17	4	Poset(parent_to_children={0: {6}, 1: {7}}, item_set={0, 1, 2, 3, 4, 5, 6, 7, 8, 9})
10	0.5	0.3	18	9	Poset(parent_to_children={0: {9, 4, 7}, 1: {9, 2, 5}, 9: {6, 7}, 7: {8, 5}, 6: {5}, 5: {8}}, item_set={0, 1, 2, 3, 4, 5, 6, 7, 8, 9})
10	0.5	0.3	19	4	Poset(parent_to_children={2: {3}, 3: {8}, 8: {7}}, item_set={0, 1, 2, 3, 4, 5, 6, 7, 8, 9})
10	0.5	0.3	20	7	Poset(parent_to_children={5: {8, 9, 3}, 3: {6}, 1: {6}, 6: {8, 7}}, item_set={0, 1, 2, 3, 4, 5, 6, 7, 8, 9})
10	0.5	0.3	21	7	Poset(parent_to_children={0: {1, 9}, 1: {2}, 4: {9, 6}, 9: {2, 7}}, item_set={0, 1, 2, 3, 4, 5, 6, 7, 8, 9})
10	0.5	0.3	22	7	Poset(parent_to_children={1: {4, 5}, 3: {2}, 5: {7}, 7: {9}}, item_set={0, 1, 2, 3, 4, 5, 6, 7, 8, 9})
10	0.5	0.3	23	5	Poset(parent_to_children={2: {6}, 5: {3}, 7: {6}}, item_set={0, 1, 2, 3, 4, 5, 6, 7, 8, 9})
10	0.5	0.3	24	6	Poset(parent_to_children={1: {3}, 2: {5}, 3: {5}, 5: {8}, 6: {8}}, item_set={0, 1, 2, 3, 4, 5, 6, 7, 8, 9})
10	0.5	0.3	25	9	Poset(parent_to_children={1: {9, 5}, 3: {2}, 4: {8}, 5: {7}, 6: {8, 9}, 7: {8}, 8: {9}}, item_set={0, 1, 2, 3, 4, 5, 6, 7, 8, 9})
10	0.5	0.3	26	9	Poset(parent_to_children={2: {5}, 4: {8, 9, 7}, 1: {9, 3, 7}, 5: {7}, 3: {8, 9, 6, 7}}, item_set={0, 1, 2, 3, 4, 5, 6, 7, 8, 9})
10	0.5	0.3	27	6	Poset(parent_to_children={0: {9}, 1: {7}, 3: {5}}, item_set={0, 1, 2, 3, 4, 5, 6, 7, 8, 9})
10	0.5	0.3	28	5	Poset(parent_to_children={2: {7}, 6: {7}, 3: {9}}, item_set={0, 1, 2, 3, 4, 5, 6, 7, 8, 9})
10	0.5	0.3	29	7	Poset(parent_to_children={0: {3, 6}, 6: {8}, 5: {9}, 7: {9}, 8: {9}}, item_set={0, 1, 2, 3, 4, 5, 6, 7, 8, 9})
10	0.5	0.3	30	8	Poset(parent_to_children={2: {5}, 1: {3, 4}, 4: {5}, 0: {5}, 9: {8}}, item_set={0, 1, 2, 3, 4, 5, 6, 7, 8, 9})
10	0.5	0.3	31	9	Poset(parent_to_children={2: {7}, 0: {9, 3, 4}, 1: {7}, 4: {5}, 3: {6, 7}}, item_set={0, 1, 2, 3, 4, 5, 6, 7, 8, 9})
10	0.5	0.3	32	8	Poset(parent_to_children={3: {1, 9, 7}, 0: {4, 5}, 4: {6, 7}}, item_set={0, 1, 2, 3, 4, 5, 6, 7, 8, 9})
10	0.5	0.3	33	4	Poset(parent_to_children={2: {5}, 4: {3}}, item_set={0, 1, 2, 3, 4, 5, 6, 7, 8, 9})
10	0.5	0.3	34	7	Poset(parent_to_children={0: {8, 1, 5, 7}, 4: {9}}, item_set={0, 1, 2, 3, 4, 5, 6, 7, 8, 9})
10	0.5	0.3	35	5	Poset(parent_to_children={0: {9}, 3: {8, 9}, 7: {8}}, item_set={0, 1, 2, 3, 4, 5, 6, 7, 8, 9})
10	0.5	0.3	36	4	Poset(parent_to_children={9: {1, 5, 6}}, item_set={0, 1, 2, 3, 4, 5, 6, 7, 8, 9})
10	0.5	0.3	37	8	Poset(parent_to_children={5: {6}, 4: {9, 7}, 0: {9, 3}, 1: {7}}, item_set={0, 1, 2, 3, 4, 5, 6, 7, 8, 9})
10	0.5	0.3	38	8	Poset(parent_to_children={2: {0, 1, 5, 9}, 0: {5}, 5: {6, 7}, 3: {9}}, item_set={0, 1, 2, 3, 4, 5, 6, 7, 8, 9})
10	0.5	0.3	39	5	Poset(parent_to_children={1: {5}, 8: {5}, 7: {5}, 6: {5}}, item_set={0, 1, 2, 3, 4, 5, 6, 7, 8, 9})
10	0.5	0.3	40	7	Poset(parent_to_children={1: {3}, 3: {7}, 4: {0}, 5: {9}}, item_set={0, 1, 2, 3, 4, 5, 6, 7, 8, 9})
10	0.5	0.3	41	10	Poset(parent_to_children={0: {1, 6}, 1: {2}, 2: {8, 9, 5}, 3: {5}, 4: {9}, 6: {7}, 7: {9}}, item_set={0, 1, 2, 3, 4, 5, 6, 7, 8, 9})
10	0.5	0.3	42	8	Poset(parent_to_children={2: {9}, 1: {8, 5, 7}, 3: {5, 7}, 4: {7}}, item_set={0, 1, 2, 3, 4, 5, 6, 7, 8, 9})
10	0.5	0.3	43	6	Poset(parent_to_children={1: {2}, 2: {0, 9}, 4: {7}, 7: {9}}, item_set={0, 1, 2, 3, 4, 5, 6, 7, 8, 9})
10	0.5	0.3	44	7	Poset(parent_to_children={0: {3, 5}, 3: {5, 7}, 2: {9, 5}, 6: {5}}, item_set={0, 1, 2, 3, 4, 5, 6, 7, 8, 9})
10	0.5	0.3	45	6	Poset(parent_to_children={0: {6}, 1: {8, 5, 7}, 5: {6}}, item_set={0, 1, 2, 3, 4, 5, 6, 7, 8, 9})
10	0.5	0.3	46	7	Poset(parent_to_children={0: {8, 1}, 5: {8, 3}, 2: {3, 7}, 3: {7}}, item_set={0, 1, 2, 3, 4, 5, 6, 7, 8, 9})
10	0.5	0.3	47	6	Poset(parent_to_children={3: {8}, 1: {9, 4}, 7: {9}, 4: {9}, 9: {8}}, item_set={0, 1, 2, 3, 4, 5, 6, 7, 8, 9})
10	0.5	0.3	48	7	Poset(parent_to_children={1: {3}, 4: {8, 5}, 5: {9}, 7: {8}}, item_set={0, 1, 2, 3, 4, 5, 6, 7, 8, 9})
10	0.5	0.3	49	10	Poset(parent_to_children={0: {8}, 1: {3}, 2: {6}, 4: {5, 7}, 8: {9}}, item_set={0, 1, 2, 3, 4, 5, 6, 7, 8, 9})
10	0.5	0.3	50	8	Poset(parent_to_children={1: {4, 6, 7}, 3: {2}, 4: {2, 7}, 5: {6}, 2: {6}, 8: {6}}, item_set={0, 1, 2, 3, 4, 5, 6, 7, 8, 9})
10	0.5	0.3	51	8	Poset(parent_to_children={1: {9, 4}, 4: {7}, 2: {9, 3, 6, 7}, 6: {8}}, item_set={0, 1, 2, 3, 4, 5, 6, 7, 8, 9})
10	0.5	0.3	52	5	Poset(parent_to_children={3: {9, 6}, 8: {6, 7}}, item_set={0, 1, 2, 3, 4, 5, 6, 7, 8, 9})
10	0.5	0.3	53	9	Poset(parent_to_children={1: {3}, 3: {8}, 2: {5}, 6: {8, 4}, 7: {8, 4}, 8: {9, 4}}, item_set={0, 1, 2, 3, 4, 5, 6, 7, 8, 9})
10	0.5	0.3	54	10	Poset(parent_to_children={0: {8, 3, 6}, 1: {8}, 5: {9, 3, 7}, 6: {8}, 2: {9}, 4: {8, 9, 7}, 3: {8}}, item_set={0, 1, 2, 3, 4, 5, 6, 7, 8, 9})
10	0.5	0.3	55	9	Poset(parent_to_children={0: {1, 3, 4, 8, 9}, 2: {8, 3, 5, 6}, 3: {6}, 1: {6}}, item_set={0, 1, 2, 3, 4, 5, 6, 7, 8, 9})
10	0.5	0.3	56	6	Poset(parent_to_children={2: {3, 6}, 3: {6}, 6: {9}, 8: {7}}, item_set={0, 1, 2, 3, 4, 5, 6, 7, 8, 9})
10	0.5	0.3	57	8	Poset(parent_to_children={1: {0, 7}, 2: {6}, 3: {4, 7}, 6: {8}, 8: {7}}, item_set={0, 1, 2, 3, 4, 5, 6, 7, 8, 9})
10	0.5	0.3	58	8	Poset(parent_to_children={1: {2}, 3: {9, 7}, 2: {7}, 4: {7}, 5: {8}}, item_set={0, 1, 2, 3, 4, 5, 6, 7, 8, 9})
10	0.5	0.3	59	9	Poset(parent_to_children={4: {1, 3, 6}, 0: {3, 7}, 1: {9}, 3: {8, 6}, 2: {6}, 9: {7}}, item_set={0, 1, 2, 3, 4, 5, 6, 7, 8, 9})
10	0.5	0.3	60	9	Poset(parent_to_children={1: {2}, 8: {0}, 7: {9, 4}, 5: {6}}, item_set={0, 1, 2, 3, 4, 5, 6, 7, 8, 9})
10	0.5	0.3	61	9	Poset(parent_to_children={0: {9}, 2: {8, 1}, 1: {5, 7}, 3: {8, 4}, 7: {4}, 4: {9}}, item_set={0, 1, 2, 3, 4, 5, 6, 7, 8, 9})
10	0.5	0.3	62	7	Poset(parent_to_children={5: {1, 7}, 2: {3, 7}, 4: {8, 7}}, item_set={0, 1, 2, 3, 4, 5, 6, 7, 8, 9})
10	0.5	0.3	63	9	Poset(parent_to_children={0: {3}, 1: {4, 5, 6}, 2: {9, 4}, 5: {9}, 7: {9}}, item_set={0, 1, 2, 3, 4, 5, 6, 7, 8, 9})
10	0.5	0.3	64	7	Poset(parent_to_children={0: {3, 7}, 3: {4, 6}, 8: {6}, 6: {9, 7}}, item_set={0, 1, 2, 3, 4, 5, 6, 7, 8, 9})
10	0.5	0.3	65	4	Poset(parent_to_children={2: {9}, 3: {9}, 5: {9}}, item_set={0, 1, 2, 3, 4, 5, 6, 7, 8, 9})
10	0.5	0.3	66	9	Poset(parent_to_children={0: {1, 4, 7}, 2: {9, 6}, 8: {5}, 7: {6}}, item_set={0, 1, 2, 3, 4, 5, 6, 7, 8, 9})
10	0.5	0.3	67	7	Poset(parent_to_children={2: {7}, 3: {9, 5}, 4: {5}, 1: {7}, 7: {9}}, item_set={0, 1, 2, 3, 4, 5, 6, 7, 8, 9})
10	0.5	0.3	68	3	Poset(parent_to_children={5: {3}, 3: {8}}, item_set={0, 1, 2, 3, 4, 5, 6, 7, 8, 9})
10	0.5	0.3	69	3	Poset(parent_to_children={5: {8}, 8: {7}}, item_set={0, 1, 2, 3, 4, 5, 6, 7, 8, 9})
10	0.5	0.3	70	6	Poset(parent_to_children={1: {6}, 2: {5}, 5: {4}, 7: {6}}, item_set={0, 1, 2, 3, 4, 5, 6, 7, 8, 9})
10	0.5	0.3	71	10	Poset(parent_to_children={0: {5}, 1: {8, 5}, 2: {5, 6}, 4: {9}, 8: {7}, 9: {3, 5, 6}}, item_set={0, 1, 2, 3, 4, 5, 6, 7, 8, 9})
10	0.5	0.3	72	4	Poset(parent_to_children={4: {8, 2}, 2: {1}}, item_set={0, 1, 2, 3, 4, 5, 6, 7, 8, 9})
10	0.5	0.3	73	8	Poset(parent_to_children={0: {8, 1}, 6: {8, 2, 7}, 3: {9}, 7: {8, 9}}, item_set={0, 1, 2, 3, 4, 5, 6, 7, 8, 9})
10	0.5	0.3	74	7	Poset(parent_to_children={0: {3}, 2: {8, 9, 5, 6}, 3: {8}, 6: {9}}, item_set={0, 1, 2, 3, 4, 5, 6, 7, 8, 9})
10	0.5	0.3	75	5	Poset(parent_to_children={2: {9}, 0: {7}, 4: {9}}, item_set={0, 1, 2, 3, 4, 5, 6, 7, 8, 9})
10	0.5	0.3	76	7	Poset(parent_to_children={0: {1, 4, 6, 7, 8}, 2: {4}}, item_set={0, 1, 2, 3, 4, 5, 6, 7, 8, 9})
10	0.5	0.3	77	9	Poset(parent_to_children={1: {2, 4}, 2: {5}, 4: {8, 3}, 0: {8, 7}, 7: {6}, 6: {8}}, item_set={0, 1, 2, 3, 4, 5, 6, 7, 8, 9})
10	0.5	0.3	78	9	Poset(parent_to_children={0: {1}, 2: {8, 3, 4}, 6: {5}, 5: {9}}, item_set={0, 1, 2, 3, 4, 5, 6, 7, 8, 9})
10	0.5	0.3	79	10	Poset(parent_to_children={1: {7}, 0: {3}, 5: {2, 4, 6}, 2: {9, 7}, 3: {8}}, item_set={0, 1, 2, 3, 4, 5, 6, 7, 8, 9})
10	0.5	0.3	80	7	Poset(parent_to_children={1: {7}, 3: {2, 6}, 7: {4, 5}}, item_set={0, 1, 2, 3, 4, 5, 6, 7, 8, 9})
10	0.5	0.3	81	8	Poset(parent_to_children={0: {1, 9, 7}, 1: {8, 6}, 2: {9}, 5: {7}, 9: {6}}, item_set={0, 1, 2, 3, 4, 5, 6, 7, 8, 9})
10	0.5	0.3	82	7	Poset(parent_to_children={1: {8}, 3: {4}, 0: {8}, 5: {9}}, item_set={0, 1, 2, 3, 4, 5, 6, 7, 8, 9})
10	0.5	0.3	83	8	Poset(parent_to_children={0: {8}, 2: {1}, 1: {3}, 5: {9, 7}, 7: {8, 9}}, item_set={0, 1, 2, 3, 4, 5, 6, 7, 8, 9})
10	0.5	0.3	84	4	Poset(parent_to_children={1: {4, 7}, 4: {9}, 7: {9}}, item_set={0, 1, 2, 3, 4, 5, 6, 7, 8, 9})
10	0.5	0.3	85	9	Poset(parent_to_children={4: {2, 3, 5, 8, 9}, 0: {2}, 3: {2}, 1: {8, 7}}, item_set={0, 1, 2, 3, 4, 5, 6, 7, 8, 9})
10	0.5	0.3	86	9	Poset(parent_to_children={0: {2, 5, 7}, 1: {9}, 2: {8}, 6: {5}, 9: {5}, 3: {5}}, item_set={0, 1, 2, 3, 4, 5, 6, 7, 8, 9})
10	0.5	0.3	87	9	Poset(parent_to_children={0: {5}, 2: {8, 3, 4, 7}, 1: {9}}, item_set={0, 1, 2, 3, 4, 5, 6, 7, 8, 9})
10	0.5	0.3	88	9	Poset(parent_to_children={0: {3}, 1: {8}, 4: {9, 7}, 5: {8, 9}, 6: {9, 3}, 7: {8, 9}}, item_set={0, 1, 2, 3, 4, 5, 6, 7, 8, 9})
10	0.5	0.3	89	7	Poset(parent_to_children={2: {8, 9, 5}, 3: {6}, 5: {7}, 6: {7}}, item_set={0, 1, 2, 3, 4, 5, 6, 7, 8, 9})
10	0.5	0.3	90	6	Poset(parent_to_children={3: {9, 6}, 4: {7}, 6: {8}}, item_set={0, 1, 2, 3, 4, 5, 6, 7, 8, 9})
10	0.5	0.3	91	5	Poset(parent_to_children={1: {9}, 0: {9, 6}, 8: {9, 6}, 6: {9}}, item_set={0, 1, 2, 3, 4, 5, 6, 7, 8, 9})
10	0.5	0.3	92	9	Poset(parent_to_children={0: {7}, 1: {2, 3, 6}, 2: {3, 7}, 6: {8, 5}, 9: {8}}, item_set={0, 1, 2, 3, 4, 5, 6, 7, 8, 9})
10	0.5	0.3	93	8	Poset(parent_to_children={0: {1}, 1: {9, 3, 5, 7}, 4: {8}}, item_set={0, 1, 2, 3, 4, 5, 6, 7, 8, 9})
10	0.5	0.3	94	7	Poset(parent_to_children={2: {8}, 1: {9}, 4: {9, 6}, 5: {6}}, item_set={0, 1, 2, 3, 4, 5, 6, 7, 8, 9})
10	0.5	0.3	95	9	Poset(parent_to_children={8: {6}, 1: {5}, 3: {2, 4, 7}, 7: {2}, 2: {9}, 5: {9}}, item_set={0, 1, 2, 3, 4, 5, 6, 7, 8, 9})
10	0.5	0.3	96	5	Poset(parent_to_children={5: {8, 6}, 0: {6}, 6: {1}}, item_set={0, 1, 2, 3, 4, 5, 6, 7, 8, 9})
10	0.5	0.3	97	7	Poset(parent_to_children={0: {3, 6}, 5: {9}, 7: {4}, 4: {9}}, item_set={0, 1, 2, 3, 4, 5, 6, 7, 8, 9})
10	0.5	0.3	98	6	Poset(parent_to_children={0: {8}, 1: {8, 2, 4, 6}}, item_set={0, 1, 2, 3, 4, 5, 6, 7, 8, 9})
10	0.5	0.3	99	2	Poset(parent_to_children={4: {8}}, item_set={0, 1, 2, 3, 4, 5, 6, 7, 8, 9})
10	0.5	0.5	0	8	Poset(parent_to_children={4: {2, 7}, 2: {3}, 0: {3}, 1: {5}, 6: {7}}, item_set={0, 1, 2, 3, 4, 5, 6, 7, 8, 9})
10	0.5	0.5	1	8	Poset(parent_to_children={0: {1, 2, 7, 8, 9}, 4: {2}, 2: {8, 6}, 6: {9}}, item_set={0, 1, 2, 3, 4, 5, 6, 7, 8, 9})
10	0.5	0.5	2	7	Poset(parent_to_children={3: {7}, 1: {0, 8}, 0: {9, 7}, 7: {6}}, item_set={0, 1, 2, 3, 4, 5, 6, 7, 8, 9})
10	0.5	0.5	3	9	Poset(parent_to_children={0: {1, 4, 6, 7}, 7: {8}, 1: {9, 2, 4}, 5: {6}, 4: {8}, 2: {6}}, item_set={0, 1, 2, 3, 4, 5, 6, 7, 8, 9})
10	0.5	0.5	4	10	Poset(parent_to_children={0: {1, 2, 3, 9}, 3: {9, 2, 4}, 1: {8, 9, 6}, 5: {8}, 7: {8}}, item_set={0, 1, 2, 3, 4, 5, 6, 7, 8, 9})
10	0.5	0.5	5	10	Poset(parent_to_children={1: {5}, 0: {8, 4, 5, 6}, 4: {3}, 2: {3}, 8: {9, 7}}, item_set={0, 1, 2, 3, 4, 5, 6, 7, 8, 9})
10	0.5	0.5	6	10	Poset(parent_to_children={0: {4, 6, 7}, 1: {4, 5}, 4: {3, 6}, 2: {7}, 6: {8, 9}}, item_set={0, 1, 2, 3, 4, 5, 6, 7, 8, 9})
10	0.5	0.5	7	10	Poset(parent_to_children={0: {2, 3, 5, 6}, 1: {2}, 4: {7}, 7: {9}, 8: {9}}, item_set={0, 1, 2, 3, 4, 5, 6, 7, 8, 9})
10	0.5	0.5	8	10	Poset(parent_to_children={0: {2}, 2: {3}, 4: {1, 5}, 6: {8, 1}, 1: {5, 7}, 7: {9}}, item_set={0, 1, 2, 3, 4, 5, 6, 7, 8, 9})
10	0.5	0.5	9	10	Poset(parent_to_children={1: {4, 5}, 0: {8}, 2: {4, 7}, 6: {3, 4, 5, 7, 8}, 3: {8, 9}, 4: {9, 5}}, item_set={0, 1, 2, 3, 4, 5, 6, 7, 8, 9})
10	0.5	0.5	10	9	Poset(parent_to_children={1: {0, 5}, 2: {0, 4, 7}, 0: {8, 9, 7}, 5: {7}, 6: {9}, 8: {7}}, item_set={0, 1, 2, 3, 4, 5, 6, 7, 8, 9})
10	0.5	0.5	11	10	Poset(parent_to_children={0: {1, 5, 6, 7}, 1: {7}, 6: {2, 4, 7, 8, 9}, 3: {9, 4}, 8: {2, 4}, 4: {5}}, item_set={0, 1, 2, 3, 4, 5, 6, 7, 8, 9})
10	0.5	0.5	12	6	Poset(parent_to_children={1: {9, 6}, 2: {9, 5}, 3: {5}}, item_set={0, 1, 2, 3, 4, 5, 6, 7, 8, 9})
10	0.5	0.5	13	9	Poset(parent_to_children={1: {0, 9, 3, 4}, 5: {8, 9, 4, 7}, 0: {8}, 6: {8, 4}, 8: {4}}, item_set={0, 1, 2, 3, 4, 5, 6, 7, 8, 9})
10	0.5	0.5	14	7	Poset(parent_to_children={2: {9, 6}, 1: {5, 6}, 8: {9, 5}, 6: {9, 7}}, item_set={0, 1, 2, 3, 4, 5, 6, 7, 8, 9})
10	0.5	0.5	15	10	Poset(parent_to_children={0: {4, 5}, 1: {2, 5, 7}, 5: {9, 3, 7}, 4: {8, 7}, 3: {9}, 8: {9, 7}, 6: {9}}, item_set={0, 1, 2, 3, 4, 5, 6, 7, 8, 9})
10	0.5	0.5	16	9	Poset(parent_to_children={2: {8, 7}, 0: {9}, 1: {8, 9, 7}, 5: {4, 7}, 7: {9, 3}, 3: {9}, 8: {9}}, item_set={0, 1, 2, 3, 4, 5, 6, 7, 8, 9})
10	0.5	0.5	17	8	Poset(parent_to_children={5: {7}, 0: {8, 2}, 6: {2, 3}, 2: {8, 9, 3}}, item_set={0, 1, 2, 3, 4, 5, 6, 7, 8, 9})
10	0.5	0.5	18	7	Poset(parent_to_children={2: {9}, 0: {9, 3, 6}, 3: {9}, 5: {9}, 9: {7}}, item_set={0, 1, 2, 3, 4, 5, 6, 7, 8, 9})
10	0.5	0.5	19	9	Poset(parent_to_children={0: {6}, 2: {8, 9}, 1: {4}, 4: {8, 9, 5, 7}, 7: {8}}, item_set={0, 1, 2, 3, 4, 5, 6, 7, 8, 9})
10	0.5	0.5	20	9	Poset(parent_to_children={0: {8, 2, 6, 7}, 3: {4}, 4: {8, 6, 7}, 6: {8, 5}, 9: {5, 7}, 2: {8}, 7: {8}, 8: {5}}, item_set={0, 1, 2, 3, 4, 5, 6, 7, 8, 9})
10	0.5	0.5	21	9	Poset(parent_to_children={0: {2}, 2: {1, 4, 6, 9}, 1: {8, 5}, 7: {6}, 4: {8, 9, 5}, 5: {8, 9}}, item_set={0, 1, 2, 3, 4, 5, 6, 7, 8, 9})
10	0.5	0.5	22	10	Poset(parent_to_children={0: {2, 6}, 3: {1, 4, 5}, 1: {9, 5, 6, 7}, 2: {8, 5, 6, 7}, 5: {7}, 6: {9}, 4: {7}, 7: {8}}, item_set={0, 1, 2, 3, 4, 5, 6, 7, 8, 9})
10	0.5	0.5	23	10	Poset(parent_to_children={1: {8}, 5: {2, 3, 4, 6, 7, 8, 9}, 0: {8, 9, 4}, 2: {8, 4, 7}, 4: {9, 3}, 3: {8}, 7: {8, 9}}, item_set={0, 1, 2, 3, 4, 5, 6, 7, 8, 9})
10	0.5	0.5	24	6	Poset(parent_to_children={0: {2}, 1: {4, 6}, 2: {4, 7}, 4: {7}}, item_set={0, 1, 2, 3, 4, 5, 6, 7, 8, 9})
10	0.5	0.5	25	10	Poset(parent_to_children={0: {1, 2, 3, 7, 9}, 1: {2}, 2: {4}, 3: {8, 5, 6, 7}, 8: {7}, 9: {6}}, item_set={0, 1, 2, 3, 4, 5, 6, 7, 8, 9})
10	0.5	0.5	26	9	Poset(parent_to_children={3: {5}, 1: {4}, 2: {9, 5}, 4: {8, 5}, 5: {7}, 6: {7}}, item_set={0, 1, 2, 3, 4, 5, 6, 7, 8, 9})
10	0.5	0.5	27	9	Poset(parent_to_children={0: {9, 2, 4, 6}, 2: {1}, 3: {8, 9, 6}, 7: {9}, 6: {9}}, item_set={0, 1, 2, 3, 4, 5, 6, 7, 8, 9})
10	0.5	0.5	28	10	Poset(parent_to_children={6: {1, 2, 3, 4, 8}, 4: {0, 2, 5}, 1: {8}, 0: {7}, 2: {8}, 5: {9}, 7: {9}}, item_set={0, 1, 2, 3, 4, 5, 6, 7, 8, 9})
10	0.5	0.5	29	10	Poset(parent_to_children={0: {1}, 4: {8, 1, 3, 9}, 1: {7}, 7: {6}, 2: {3}, 5: {8, 9, 3, 6}, 9: {8}}, item_set={0, 1, 2, 3, 4, 5, 6, 7, 8, 9})
10	0.5	0.5	30	10	Poset(parent_to_children={1: {4}, 0: {9, 2}, 2: {4, 5, 7, 8, 9}, 4: {8, 7}, 3: {9, 6}, 5: {6}, 7: {8, 9}, 8: {9}}, item_set={0, 1, 2, 3, 4, 5, 6, 7, 8, 9})
10	0.5	0.5	31	10	Poset(parent_to_children={0: {9, 4, 7}, 3: {9, 6}, 2: {9}, 5: {8, 1, 6, 7}, 1: {9}, 8: {7}, 7: {9}}, item_set={0, 1, 2, 3, 4, 5, 6, 7, 8, 9})
10	0.5	0.5	32	9	Poset(parent_to_children={0: {9, 5}, 1: {2}, 3: {8, 9}, 6: {9}, 4: {8, 9}}, item_set={0, 1, 2, 3, 4, 5, 6, 7, 8, 9})
10	0.5	0.5	33	10	Poset(parent_to_children={0: {1}, 2: {7}, 4: {1, 5, 9}, 3: {9}, 1: {6}, 6: {8}}, item_set={0, 1, 2, 3, 4, 5, 6, 7, 8, 9})
10	0.5	0.5	34	10	Poset(parent_to_children={0: {1, 4}, 4: {1, 3, 6}, 1: {2, 7}, 3: {5}, 6: {9, 5}, 7: {8, 2}, 2: {9}, 9: {8}}, item_set={0, 1, 2, 3, 4, 5, 6, 7, 8, 9})
10	0.5	0.5	35	10	Poset(parent_to_children={0: {2, 5}, 1: {2, 3, 4, 5, 6, 7, 8}, 4: {8, 9, 2}, 5: {9}, 3: {2}, 6: {9, 2}}, item_set={0, 1, 2, 3, 4, 5, 6, 7, 8, 9})
10	0.5	0.5	36	9	Poset(parent_to_children={0: {1, 2, 4, 6, 7}, 2: {3, 5, 7}, 6: {8, 4, 5}, 5: {7}, 8: {3, 7}}, item_set={0, 1, 2, 3, 4, 5, 6, 7, 8, 9})
10	0.5	0.5	37	9	Poset(parent_to_children={4: {0, 9, 5, 7}, 0: {2, 5}, 2: {8, 6}, 3: {8, 5, 7}, 5: {9, 6, 7}, 8: {9, 6}, 6: {7}, 7: {9}}, item_set={0, 1, 2, 3, 4, 5, 6, 7, 8, 9})
10	0.5	0.5	38	7	Poset(parent_to_children={5: {6}, 1: {6}, 0: {3}, 6: {8, 9}}, item_set={0, 1, 2, 3, 4, 5, 6, 7, 8, 9})
10	0.5	0.5	39	10	Poset(parent_to_children={3: {0, 4, 5, 7, 8}, 4: {0, 9}, 1: {8, 9, 6, 7}, 2: {8}, 8: {9}, 6: {9, 7}}, item_set={0, 1, 2, 3, 4, 5, 6, 7, 8, 9})
10	0.5	0.5	40	10	Poset(parent_to_children={1: {0, 8, 7}, 0: {3, 7}, 4: {8, 7}, 2: {7}, 5: {3, 7}, 3: {8, 9, 6}, 6: {7}, 9: {7}}, item_set={0, 1, 2, 3, 4, 5, 6, 7, 8, 9})
10	0.5	0.5	41	9	Poset(parent_to_children={2: {0, 1, 3, 6}, 3: {9, 4, 5}, 5: {0}, 8: {9, 4}}, item_set={0, 1, 2, 3, 4, 5, 6, 7, 8, 9})
10	0.5	0.5	42	10	Poset(parent_to_children={2: {8, 9, 4, 7}, 1: {0, 4}, 3: {0, 9, 4, 5}, 4: {0}, 7: {8, 6}, 6: {8}}, item_set={0, 1, 2, 3, 4, 5, 6, 7, 8, 9})
10	0.5	0.5	43	9	Poset(parent_to_children={4: {8, 1, 9, 7}, 5: {9, 2, 6}, 2: {3, 6}, 9: {3}, 6: {7}}, item_set={0, 1, 2, 3, 4, 5, 6, 7, 8, 9})
10	0.5	0.5	44	10	Poset(parent_to_children={0: {3, 4, 5, 7}, 2: {9, 7}, 4: {9}, 3: {5, 6}, 8: {6, 7}, 5: {7}, 1: {6}}, item_set={0, 1, 2, 3, 4, 5, 6, 7, 8, 9})
10	0.5	0.5	45	9	Poset(parent_to_children={1: {3, 6, 7, 8, 9}, 2: {8, 7}, 4: {3, 6}, 5: {8}, 6: {8}}, item_set={0, 1, 2, 3, 4, 5, 6, 7, 8, 9})
10	0.5	0.5	46	6	Poset(parent_to_children={1: {3, 7}, 3: {9}, 5: {8}}, item_set={0, 1, 2, 3, 4, 5, 6, 7, 8, 9})
10	0.5	0.5	47	10	Poset(parent_to_children={2: {9, 6, 7}, 1: {0, 3, 5}, 5: {4, 6, 7}, 6: {7}, 3: {9, 4, 7}, 0: {4}, 4: {8}}, item_set={0, 1, 2, 3, 4, 5, 6, 7, 8, 9})
10	0.5	0.5	48	9	Poset(parent_to_children={4: {3, 7}, 0: {9, 6}, 1: {5}, 5: {3}, 8: {6}}, item_set={0, 1, 2, 3, 4, 5, 6, 7, 8, 9})
10	0.5	0.5	49	8	Poset(parent_to_children={1: {2, 5}, 0: {8, 5}, 2: {9, 4}, 8: {5}, 3: {4}}, item_set={0, 1, 2, 3, 4, 5, 6, 7, 8, 9})
10	0.5	0.5	50	9	Poset(parent_to_children={4: {9, 5, 6}, 3: {0, 1}, 0: {8, 9, 2}, 5: {8, 9, 2}, 2: {8}, 6: {9}}, item_set={0, 1, 2, 3, 4, 5, 6, 7, 8, 9})
10	0.5	0.5	51	9	Poset(parent_to_children={1: {4}, 2: {3}, 6: {7}, 7: {8, 9, 5}, 4: {8}, 8: {9, 5}}, item_set={0, 1, 2, 3, 4, 5, 6, 7, 8, 9})
10	0.5	0.5	52	10	Poset(parent_to_children={4: {7}, 0: {2, 6, 7}, 1: {2, 3, 5, 7}, 2: {8, 6}, 5: {3}, 3: {8, 6}, 7: {8, 9}}, item_set={0, 1, 2, 3, 4, 5, 6, 7, 8, 9})
10	0.5	0.5	53	8	Poset(parent_to_children={1: {9}, 2: {5, 7}, 4: {9, 3, 6, 7}, 5: {9}, 6: {9, 7}, 9: {7}}, item_set={0, 1, 2, 3, 4, 5, 6, 7, 8, 9})
10	0.5	0.5	54	9	Poset(parent_to_children={1: {2, 5}, 4: {8, 9, 3, 7}, 5: {9, 3}, 6: {3}, 8: {9, 3}, 3: {9}}, item_set={0, 1, 2, 3, 4, 5, 6, 7, 8, 9})
10	0.5	0.5	55	8	Poset(parent_to_children={2: {8, 1, 9}, 1: {3, 5}, 3: {8, 5, 7}, 6: {9}}, item_set={0, 1, 2, 3, 4, 5, 6, 7, 8, 9})
10	0.5	0.5	56	10	Poset(parent_to_children={3: {0, 7}, 0: {2, 5, 7}, 1: {2, 7}, 4: {8, 9, 5, 7}, 6: {9}}, item_set={0, 1, 2, 3, 4, 5, 6, 7, 8, 9})
10	0.5	0.5	57	10	Poset(parent_to_children={1: {8, 9}, 3: {8, 4, 6, 7}, 0: {6}, 2: {8, 6}, 4: {8}, 5: {9, 6}, 6: {9, 7}, 8: {7}}, item_set={0, 1, 2, 3, 4, 5, 6, 7, 8, 9})
10	0.5	0.5	58	10	Poset(parent_to_children={4: {0}, 1: {8, 9, 2, 6}, 2: {9, 5}, 3: {9}, 6: {8}, 7: {5}, 5: {8}}, item_set={0, 1, 2, 3, 4, 5, 6, 7, 8, 9})
10	0.5	0.5	59	9	Poset(parent_to_children={1: {3, 7}, 4: {3, 6, 7}, 2: {8, 9, 3, 5}, 3: {8, 9, 5}, 6: {5}, 5: {8, 9}, 7: {9}}, item_set={0, 1, 2, 3, 4, 5, 6, 7, 8, 9})
10	0.5	0.5	60	6	Poset(parent_to_children={1: {8, 4, 5}, 2: {7}}, item_set={0, 1, 2, 3, 4, 5, 6, 7, 8, 9})
10	0.5	0.5	61	10	Poset(parent_to_children={1: {0, 2, 4}, 5: {0, 2, 4}, 0: {9, 3}, 2: {8, 9, 3, 4}, 7: {4, 6}, 6: {8, 9}}, item_set={0, 1, 2, 3, 4, 5, 6, 7, 8, 9})
10	0.5	0.5	62	7	Poset(parent_to_children={1: {0, 3, 5, 7}, 0: {7}, 9: {6}}, item_set={0, 1, 2, 3, 4, 5, 6, 7, 8, 9})
10	0.5	0.5	63	10	Poset(parent_to_children={0: {2}, 2: {9, 6}, 3: {8}, 1: {9}, 4: {8, 7}, 5: {8, 9, 7}, 6: {9}, 9: {8}}, item_set={0, 1, 2, 3, 4, 5, 6, 7, 8, 9})
10	0.5	0.5	64	10	Poset(parent_to_children={0: {3, 4, 5, 6, 7, 9}, 1: {3, 5, 6, 7, 9}, 5: {3}, 3: {8, 2, 6, 7}, 2: {8, 9, 4}, 4: {8}, 6: {8}, 7: {9}}, item_set={0, 1, 2, 3, 4, 5, 6, 7, 8, 9})
10	0.5	0.5	65	8	Poset(parent_to_children={0: {1, 5}, 1: {8, 2, 5}, 2: {9, 6, 7}, 5: {8, 6}, 7: {9}}, item_set={0, 1, 2, 3, 4, 5, 6, 7, 8, 9})
10	0.5	0.5	66	7	Poset(parent_to_children={0: {9}, 2: {8, 3, 5}, 3: {5, 6}, 5: {9}, 6: {9}}, item_set={0, 1, 2, 3, 4, 5, 6, 7, 8, 9})
10	0.5	0.5	67	8	Poset(parent_to_children={1: {7}, 2: {5}, 4: {8, 3, 5, 7}, 3: {6}, 6: {7}, 5: {8}}, item_set={0, 1, 2, 3, 4, 5, 6, 7, 8, 9})
10	0.5	0.5	68	10	Poset(parent_to_children={1: {6}, 6: {8, 2, 4, 7}, 2: {8, 3, 4, 7}, 0: {3}, 3: {7}, 4: {8, 5, 7}, 7: {5}, 5: {8}, 8: {9}}, item_set={0, 1, 2, 3, 4, 5, 6, 7, 8, 9})
10	0.5	0.5	69	10	Poset(parent_to_children={0: {1, 3, 4, 5, 6, 7, 8, 9}, 3: {1, 2, 5, 6, 9}, 1: {8}, 8: {6}}, item_set={0, 1, 2, 3, 4, 5, 6, 7, 8, 9})
10	0.5	0.5	70	6	Poset(parent_to_children={3: {8, 2}, 4: {5, 7}, 2: {8}}, item_set={0, 1, 2, 3, 4, 5, 6, 7, 8, 9})
10	0.5	0.5	71	9	Poset(parent_to_children={1: {8, 3, 6}, 0: {4, 6}, 4: {6, 7}, 2: {9, 6}, 7: {8}}, item_set={0, 1, 2, 3, 4, 5, 6, 7, 8, 9})
10	0.5	0.5	72	9	Poset(parent_to_children={0: {9, 4}, 1: {2, 4, 7, 8, 9}, 5: {4, 6}, 8: {6}}, item_set={0, 1, 2, 3, 4, 5, 6, 7, 8, 9})
10	0.5	0.5	73	10	Poset(parent_to_children={0: {2, 3, 4, 7, 9}, 7: {5}, 1: {9}, 6: {8, 4}, 3: {5}, 8: {5}, 5: {9}}, item_set={0, 1, 2, 3, 4, 5, 6, 7, 8, 9})
10	0.5	0.5	74	10	Poset(parent_to_children={1: {2, 3, 4, 5, 7, 9}, 0: {9}, 2: {4, 7}, 4: {5}, 3: {7}, 6: {9}, 8: {9}}, item_set={0, 1, 2, 3, 4, 5, 6, 7, 8, 9})
10	0.5	0.5	75	8	Poset(parent_to_children={0: {8}, 2: {9, 3, 5}, 5: {8, 4}, 4: {8, 9}, 6: {8}}, item_set={0, 1, 2, 3, 4, 5, 6, 7, 8, 9})
10	0.5	0.5	76	9	Poset(parent_to_children={0: {8, 9, 2, 3}, 3: {2, 4}, 5: {8, 4, 7}, 2: {8, 6}, 6: {8}}, item_set={0, 1, 2, 3, 4, 5, 6, 7, 8, 9})
10	0.5	0.5	77	4	Poset(parent_to_children={5: {6, 7}, 6: {9}}, item_set={0, 1, 2, 3, 4, 5, 6, 7, 8, 9})
10	0.5	0.5	78	8	Poset(parent_to_children={4: {2, 3, 5, 6, 7}, 2: {8, 9, 6}}, item_set={0, 1, 2, 3, 4, 5, 6, 7, 8, 9})
10	0.5	0.5	79	10	Poset(parent_to_children={0: {1, 2, 5, 6}, 2: {7}, 4: {5}, 7: {3}, 6: {8, 3, 5}, 8: {9}}, item_set={0, 1, 2, 3, 4, 5, 6, 7, 8, 9})
10	0.5	0.5	80	9	Poset(parent_to_children={0: {8, 3, 7}, 1: {3, 7}, 3: {7}, 4: {9, 6}, 7: {9}, 5: {8, 6}}, item_set={0, 1, 2, 3, 4, 5, 6, 7, 8, 9})
10	0.5	0.5	81	10	Poset(parent_to_children={0: {1, 6}, 7: {2}, 1: {9}, 2: {3, 5}, 6: {3}, 4: {3}, 8: {9}}, item_set={0, 1, 2, 3, 4, 5, 6, 7, 8, 9})
10	0.5	0.5	82	8	Poset(parent_to_children={8: {1, 5, 9, 7}, 0: {9, 2, 5}, 6: {5, 7}, 5: {9, 7}}, item_set={0, 1, 2, 3, 4, 5, 6, 7, 8, 9})
10	0.5	0.5	83	10	Poset(parent_to_children={0: {8, 9, 4, 5}, 7: {9}, 1: {9, 3, 5, 6}, 3: {9}, 2: {5, 6}, 8: {9, 5}, 5: {9}, 6: {9}}, item_set={0, 1, 2, 3, 4, 5, 6, 7, 8, 9})
10	0.5	0.5	84	8	Poset(parent_to_children={1: {9, 2, 4, 7}, 4: {9, 6}, 2: {8}, 5: {7}, 6: {7}, 8: {7}}, item_set={0, 1, 2, 3, 4, 5, 6, 7, 8, 9})
10	0.5	0.5	85	9	Poset(parent_to_children={2: {7}, 1: {8}, 5: {8, 4}, 3: {9}, 7: {8, 6}, 6: {9, 4}}, item_set={0, 1, 2, 3, 4, 5, 6, 7, 8, 9})
10	0.5	0.5	86	10	Poset(parent_to_children={0: {1, 3, 4, 5, 7}, 2: {8, 1, 6, 9}, 1: {5}, 4: {9, 5, 6}, 3: {8}, 5: {7}, 7: {9}, 6: {9}}, item_set={0, 1, 2, 3, 4, 5, 6, 7, 8, 9})
10	0.5	0.5	87	10	Poset(parent_to_children={2: {0, 1, 4, 5}, 4: {8, 7}, 5: {1, 3, 6, 7, 9}, 1: {7}, 3: {6}, 6: {9}}, item_set={0, 1, 2, 3, 4, 5, 6, 7, 8, 9})
10	0.5	0.5	88	8	Poset(parent_to_children={0: {9}, 1: {9, 5, 7}, 5: {8, 9, 2, 6}, 9: {8}, 8: {6}}, item_set={0, 1, 2, 3, 4, 5, 6, 7, 8, 9})
10	0.5	0.5	89	9	Poset(parent_to_children={1: {8, 9, 4}, 2: {8}, 3: {8, 5, 6}, 5: {8}, 4: {8}, 7: {8}}, item_set={0, 1, 2, 3, 4, 5, 6, 7, 8, 9})
10	0.5	0.5	90	8	Poset(parent_to_children={0: {8, 3, 4, 7}, 3: {9, 6}, 4: {9, 5, 6}, 5: {7}, 8: {9, 7}, 7: {9}}, item_set={0, 1, 2, 3, 4, 5, 6, 7, 8, 9})
10	0.5	0.5	91	10	Poset(parent_to_children={0: {5}, 1: {2, 3, 5}, 5: {4, 6, 7, 8, 9}, 4: {9}}, item_set={0, 1, 2, 3, 4, 5, 6, 7, 8, 9})
10	0.5	0.5	92	9	Poset(parent_to_children={0: {1, 2, 5, 7, 8}, 1: {2, 5, 7}, 3: {2}, 2: {8, 4, 5, 7}, 5: {8, 4, 6, 7}}, item_set={0, 1, 2, 3, 4, 5, 6, 7, 8, 9})
10	0.5	0.5	93	10	Poset(parent_to_children={0: {8, 2}, 1: {9, 2, 3, 6}, 5: {9, 7}, 2: {7}, 4: {8}}, item_set={0, 1, 2, 3, 4, 5, 6, 7, 8, 9})
10	0.5	0.5	94	9	Poset(parent_to_children={4: {3, 5}, 2: {1, 5, 6}, 1: {3}, 5: {8}, 3: {6}, 6: {8, 9, 7}}, item_set={0, 1, 2, 3, 4, 5, 6, 7, 8, 9})
10	0.5	0.5	95	3	Poset(parent_to_children={0: {7}, 7: {8}}, item_set={0, 1, 2, 3, 4, 5, 6, 7, 8, 9})
10	0.5	0.5	96	9	Poset(parent_to_children={0: {8, 1, 4}, 2: {4}, 6: {1, 5, 9, 7}, 1: {4, 5}, 5: {8, 7}, 4: {9}}, item_set={0, 1, 2, 3, 4, 5, 6, 7, 8, 9})
10	0.5	0.5	97	10	Poset(parent_to_children={0: {2, 3}, 2: {9, 4}, 1: {3, 6, 7}, 5: {3, 4, 7, 8, 9}, 3: {4}, 6: {7}, 4: {8}, 8: {9}}, item_set={0, 1, 2, 3, 4, 5, 6, 7, 8, 9})
10	0.5	0.5	98	10	Poset(parent_to_children={1: {0, 3, 5, 7, 8}, 0: {3}, 2: {8, 6, 7}, 3: {7}, 5: {8, 9, 4, 7}, 4: {7}}, item_set={0, 1, 2, 3, 4, 5, 6, 7, 8, 9})
10	0.5	0.5	99	8	Poset(parent_to_children={2: {3, 7}, 0: {8}, 5: {8}, 3: {8, 9}, 6: {9}}, item_set={0, 1, 2, 3, 4, 5, 6, 7, 8, 9})
10	0.5	0.9	0	9	Poset(parent_to_children={1: {2, 5, 6}, 3: {9, 5}, 0: {9, 2, 5}, 2: {8}, 9: {7}, 7: {8, 5}}, item_set={0, 1, 2, 3, 4, 5, 6, 7, 8, 9})
10	0.5	0.9	1	10	Poset(parent_to_children={1: {4, 5}, 3: {0, 2, 5, 7, 8}, 2: {8}, 0: {5, 7}, 6: {9, 5, 7}, 4: {8, 5}, 7: {8}, 8: {9}}, item_set={0, 1, 2, 3, 4, 5, 6, 7, 8, 9})
10	0.5	0.9	2	9	Poset(parent_to_children={0: {2, 3, 4, 6, 7, 8, 9}, 4: {8, 2, 6}, 5: {2, 3, 6, 7, 8}, 2: {9, 3, 6}, 3: {7}, 7: {8, 9}}, item_set={0, 1, 2, 3, 4, 5, 6, 7, 8, 9})
10	0.5	0.9	3	10	Poset(parent_to_children={1: {0, 9, 6, 7}, 2: {3, 6, 7}, 0: {3, 4, 5, 7, 9}, 3: {9, 4, 6, 7}, 4: {9, 6}, 6: {7}, 7: {8}}, item_set={0, 1, 2, 3, 4, 5, 6, 7, 8, 9})
10	0.5	0.9	4	10	Poset(parent_to_children={0: {1, 3, 5, 6, 7, 8, 9}, 2: {3, 4, 5, 6, 7, 9}, 1: {3, 4, 5, 6, 7, 8}, 9: {8, 5, 6, 7}, 7: {8}}, item_set={0, 1, 2, 3, 4, 5, 6, 7, 8, 9})
10	0.5	0.9	5	10	Poset(parent_to_children={0: {3, 4, 5, 7, 9}, 2: {8, 1, 5}, 1: {4, 5, 6, 7, 9}, 6: {5, 7}, 4: {9}, 5: {8}, 8: {9, 7}}, item_set={0, 1, 2, 3, 4, 5, 6, 7, 8, 9})
10	0.5	0.9	6	9	Poset(parent_to_children={0: {2, 4, 5, 6, 7, 8}, 3: {6}, 6: {9, 5, 7}, 5: {9, 7}, 7: {9}, 9: {8}}, item_set={0, 1, 2, 3, 4, 5, 6, 7, 8, 9})
10	0.5	0.9	7	10	Poset(parent_to_children={0: {1, 2, 3, 4, 7, 8, 9}, 2: {1, 3, 5, 6, 7}, 1: {7}, 3: {8}, 5: {8, 7}, 7: {6}, 9: {6}}, item_set={0, 1, 2, 3, 4, 5, 6, 7, 8, 9})
10	0.5	0.9	8	9	Poset(parent_to_children={0: {1, 3, 4, 6, 7, 9}, 4: {8, 5, 6}, 3: {8, 9, 7}, 5: {1, 6, 7}, 1: {8, 9, 6, 7}, 6: {8, 9}, 7: {8}, 9: {8}}, item_set={0, 1, 2, 3, 4, 5, 6, 7, 8, 9})
10	0.5	0.9	9	10	Poset(parent_to_children={1: {0, 3, 4, 5, 6, 7, 8, 9}, 2: {0, 3, 4, 5, 6, 7, 8, 9}, 3: {8, 0, 6, 7}, 7: {0, 9}, 9: {8, 0, 6}, 0: {6}}, item_set={0, 1, 2, 3, 4, 5, 6, 7, 8, 9})
10	0.5	0.9	10	10	Poset(parent_to_children={1: {8, 2}, 0: {5, 6, 7}, 3: {2, 4, 6, 7}, 6: {2, 5}, 4: {8, 9, 2}, 8: {7}}, item_set={0, 1, 2, 3, 4, 5, 6, 7, 8, 9})
10	0.5	0.9	11	10	Poset(parent_to_children={2: {0, 8, 4, 9}, 5: {6}, 0: {4, 7}, 1: {8, 3, 4, 6}, 3: {8, 4, 6, 7}, 4: {8}, 6: {8, 9}, 8: {9}}, item_set={0, 1, 2, 3, 4, 5, 6, 7, 8, 9})
10	0.5	0.9	12	10	Poset(parent_to_children={1: {0, 2, 4, 6, 8, 9}, 2: {0, 3, 4, 5, 6, 7, 8}, 5: {8, 9, 4, 6}, 4: {9, 6, 7}, 3: {8, 6, 7}, 6: {8}}, item_set={0, 1, 2, 3, 4, 5, 6, 7, 8, 9})
10	0.5	0.9	13	9	Poset(parent_to_children={2: {3, 4, 6}, 1: {3, 5, 6, 7, 8, 9}, 5: {8}, 3: {8, 4, 6, 7}, 4: {6}, 8: {9}, 6: {9}}, item_set={0, 1, 2, 3, 4, 5, 6, 7, 8, 9})
10	0.5	0.9	14	9	Poset(parent_to_children={4: {1, 2, 3, 6, 8, 9}, 6: {9, 1}, 3: {8}, 5: {1, 7}, 7: {9, 2, 1}, 2: {8, 9, 1}}, item_set={0, 1, 2, 3, 4, 5, 6, 7, 8, 9})
10	0.5	0.9	15	9	Poset(parent_to_children={1: {2, 3, 4, 6, 7, 8, 9}, 2: {6}, 3: {4, 5, 7, 8, 9}, 4: {8, 9, 5}, 5: {8, 9, 6, 7}, 9: {8, 6}}, item_set={0, 1, 2, 3, 4, 5, 6, 7, 8, 9})
10	0.5	0.9	16	10	Poset(parent_to_children={0: {1, 3, 4, 5, 7, 8, 9}, 1: {2, 3, 4, 5, 6, 9}, 4: {8, 3, 5}, 5: {8, 6, 7}, 3: {8, 9, 6, 7}, 7: {9}, 6: {8, 9}, 8: {9}}, item_set={0, 1, 2, 3, 4, 5, 6, 7, 8, 9})
10	0.5	0.9	17	10	Poset(parent_to_children={0: {1, 2, 3, 4, 5, 6, 7, 8, 9}, 2: {1, 3, 4, 5, 6, 7, 8, 9}, 3: {8, 1, 4, 6}, 5: {7}, 1: {8, 7}, 6: {8, 7}, 7: {8}, 9: {8}}, item_set={0, 1, 2, 3, 4, 5, 6, 7, 8, 9})
10	0.5	0.9	18	10	Poset(parent_to_children={0: {1, 2, 4, 5, 6, 9}, 1: {2, 3, 4, 5, 6, 7, 9}, 3: {2, 4, 5, 6, 9}, 4: {8, 5, 6}, 2: {9, 5, 6, 7}, 5: {8}, 8: {9}, 9: {6}}, item_set={0, 1, 2, 3, 4, 5, 6, 7, 8, 9})
10	0.5	0.9	19	9	Poset(parent_to_children={0: {7}, 1: {3, 4, 6, 7, 8, 9}, 4: {8, 9, 2, 7}, 2: {8, 9, 3, 7}, 3: {9}, 9: {7}, 8: {7}}, item_set={0, 1, 2, 3, 4, 5, 6, 7, 8, 9})
10	0.5	0.9	20	10	Poset(parent_to_children={4: {0, 2, 6, 7, 8, 9}, 1: {9, 3, 5, 7}, 0: {8, 3, 5, 6}, 2: {9, 3, 6, 7}, 3: {5, 6, 7, 8, 9}, 5: {9}, 8: {9, 6}, 6: {7}, 7: {9}}, item_set={0, 1, 2, 3, 4, 5, 6, 7, 8, 9})
10	0.5	0.9	21	10	Poset(parent_to_children={2: {0, 1, 3, 4, 5, 6, 7, 9}, 0: {8, 9}, 1: {8, 9, 5, 6}, 3: {4, 5, 6, 7, 8, 9}, 6: {8, 9, 4, 5}, 5: {9, 7}, 7: {4}, 9: {8}}, item_set={0, 1, 2, 3, 4, 5, 6, 7, 8, 9})
10	0.5	0.9	22	10	Poset(parent_to_children={1: {2, 3, 4, 6, 7, 8, 9}, 0: {8, 4}, 5: {2, 4, 6, 7, 8}, 2: {8, 6}, 6: {8, 9, 7}, 8: {9, 7}, 7: {9}}, item_set={0, 1, 2, 3, 4, 5, 6, 7, 8, 9})
10	0.5	0.9	23	10	Poset(parent_to_children={1: {9}, 2: {0, 4, 5, 6}, 0: {3, 4, 5, 6, 7, 9}, 3: {9}, 6: {9}, 4: {8, 9, 5, 7}, 8: {9, 5}}, item_set={0, 1, 2, 3, 4, 5, 6, 7, 8, 9})
10	0.5	0.9	24	10	Poset(parent_to_children={1: {0, 2, 3, 5, 6, 7, 9}, 0: {2, 3, 4, 5, 7, 8, 9}, 2: {5, 6, 7, 8, 9}, 5: {3, 4, 6, 7, 8, 9}, 3: {8}, 4: {8, 6}, 7: {8, 6}}, item_set={0, 1, 2, 3, 4, 5, 6, 7, 8, 9})
10	0.5	0.9	25	10	Poset(parent_to_children={0: {9, 7}, 1: {2, 7}, 6: {3, 4, 5, 7}, 3: {8, 9, 5}, 4: {9, 5}, 5: {8, 9, 7}, 7: {8, 9}}, item_set={0, 1, 2, 3, 4, 5, 6, 7, 8, 9})
10	0.5	0.9	26	10	Poset(parent_to_children={0: {3, 6, 7, 8, 9}, 1: {8, 9, 5, 6}, 4: {8, 2}, 5: {8, 9, 6, 7}, 6: {7}, 9: {8, 7}}, item_set={0, 1, 2, 3, 4, 5, 6, 7, 8, 9})
10	0.5	0.9	27	10	Poset(parent_to_children={0: {1, 5}, 1: {2}, 3: {2, 4, 6, 8, 9}, 7: {6}, 2: {8, 5, 6}, 8: {9, 6}, 5: {9, 6}, 9: {6}}, item_set={0, 1, 2, 3, 4, 5, 6, 7, 8, 9})
10	0.5	0.9	28	10	Poset(parent_to_children={0: {1, 2, 3, 4, 5, 8}, 2: {8}, 1: {8, 9, 3, 4}, 4: {9, 3, 5}, 6: {3}, 3: {8, 9, 5, 7}, 5: {9, 7}}, item_set={0, 1, 2, 3, 4, 5, 6, 7, 8, 9})
10	0.5	0.9	29	10	Poset(parent_to_children={1: {4, 5, 6, 7, 9}, 0: {3, 4, 5, 6, 9}, 5: {8, 9, 2, 7}, 3: {2, 4, 6, 7}, 2: {9, 4}, 6: {8}, 9: {8, 4, 7}, 8: {4}, 4: {7}}, item_set={0, 1, 2, 3, 4, 5, 6, 7, 8, 9})
10	0.5	0.9	30	9	Poset(parent_to_children={0: {9, 2, 3, 4}, 2: {3, 4, 5, 7, 9}, 4: {3, 7}, 3: {8}, 9: {8}, 8: {6}}, item_set={0, 1, 2, 3, 4, 5, 6, 7, 8, 9})
10	0.5	0.9	31	10	Poset(parent_to_children={1: {9, 7}, 0: {3, 4, 7, 8, 9}, 2: {4, 5, 6, 8, 9}, 5: {9, 4, 6, 7}, 6: {8, 9, 7}, 8: {7}}, item_set={0, 1, 2, 3, 4, 5, 6, 7, 8, 9})
10	0.5	0.9	32	10	Poset(parent_to_children={4: {0, 2, 3, 7, 8}, 2: {0, 1, 3, 7, 8, 9}, 3: {0, 1, 6, 7, 8, 9}, 5: {0, 9}, 1: {6}, 6: {8, 9, 7}, 8: {9, 7}, 7: {9}}, item_set={0, 1, 2, 3, 4, 5, 6, 7, 8, 9})
10	0.5	0.9	33	10	Poset(parent_to_children={2: {0, 1, 3, 4, 5, 6, 7, 8, 9}, 0: {8, 4, 5}, 1: {3, 5, 6, 7, 9}, 3: {4}, 4: {8, 6}, 9: {8, 7}, 7: {8}}, item_set={0, 1, 2, 3, 4, 5, 6, 7, 8, 9})
10	0.5	0.9	34	10	Poset(parent_to_children={1: {0, 2, 3, 4, 5, 6, 9}, 0: {2, 3, 4, 5, 7}, 2: {9}, 7: {3, 4, 5, 6, 8, 9}, 3: {9, 5, 6}, 8: {4}, 6: {5}, 9: {5}}, item_set={0, 1, 2, 3, 4, 5, 6, 7, 8, 9})
10	0.5	0.9	35	10	Poset(parent_to_children={3: {8, 9, 5, 6}, 0: {2, 5, 7}, 4: {1, 6}, 1: {8, 9, 5, 7}, 6: {8, 9, 5, 7}, 5: {7}, 7: {9}}, item_set={0, 1, 2, 3, 4, 5, 6, 7, 8, 9})
10	0.5	0.9	36	10	Poset(parent_to_children={1: {3, 4, 5, 6, 8, 9}, 2: {4, 5, 6, 8, 9}, 0: {8}, 4: {8, 6, 7}, 6: {8, 7}, 5: {8, 9, 7}, 7: {8, 9}}, item_set={0, 1, 2, 3, 4, 5, 6, 7, 8, 9})
10	0.5	0.9	37	9	Poset(parent_to_children={2: {0, 3, 4, 7, 8}, 5: {1, 4, 6, 7}, 4: {3}}, item_set={0, 1, 2, 3, 4, 5, 6, 7, 8, 9})
10	0.5	0.9	38	9	Poset(parent_to_children={1: {2, 4, 5, 7}, 2: {3, 4, 6, 7, 8, 9}, 4: {8}, 8: {6}}, item_set={0, 1, 2, 3, 4, 5, 6, 7, 8, 9})
10	0.5	0.9	39	10	Poset(parent_to_children={0: {1, 2, 3, 4, 5, 7, 8}, 3: {7}, 5: {1, 4, 6, 7, 9}, 4: {1, 6, 9}, 7: {8, 1, 6, 9}, 6: {8}}, item_set={0, 1, 2, 3, 4, 5, 6, 7, 8, 9})
10	0.5	0.9	40	8	Poset(parent_to_children={1: {0, 3, 4, 7, 8}, 4: {0, 8, 3, 7}, 6: {0, 3, 7, 8, 9}, 0: {8}, 9: {7}, 7: {8}}, item_set={0, 1, 2, 3, 4, 5, 6, 7, 8, 9})
10	0.5	0.9	41	10	Poset(parent_to_children={1: {3, 4}, 0: {8, 9, 7}, 8: {2, 3, 5, 7}, 2: {9, 6, 7}, 5: {3, 4, 6, 7}, 3: {9, 4, 6, 7}, 4: {9, 6, 7}, 6: {9, 7}, 7: {9}}, item_set={0, 1, 2, 3, 4, 5, 6, 7, 8, 9})
10	0.5	0.9	42	10	Poset(parent_to_children={0: {2, 4, 6, 7, 8}, 3: {1, 2, 5, 6, 7, 8, 9}, 1: {2, 5, 6, 7, 9}, 2: {7}, 7: {8, 5}, 5: {6}, 4: {9, 6}, 6: {9}, 8: {9}}, item_set={0, 1, 2, 3, 4, 5, 6, 7, 8, 9})
10	0.5	0.9	43	9	Poset(parent_to_children={0: {2, 4, 5, 7, 8}, 2: {3, 4, 5, 6, 8, 9}, 3: {8, 4}, 4: {9, 5}, 5: {6}, 7: {9}}, item_set={0, 1, 2, 3, 4, 5, 6, 7, 8, 9})
10	0.5	0.9	44	10	Poset(parent_to_children={0: {1, 2, 3, 5, 6, 7, 8, 9}, 3: {1, 6, 7, 8, 9}, 1: {9, 6}, 4: {5}, 2: {5}, 5: {6, 7}, 6: {9, 7}, 8: {9}}, item_set={0, 1, 2, 3, 4, 5, 6, 7, 8, 9})
10	0.5	0.9	45	10	Poset(parent_to_children={0: {7}, 1: {2, 3, 6}, 2: {4, 5}, 5: {8, 9, 7}, 6: {7}}, item_set={0, 1, 2, 3, 4, 5, 6, 7, 8, 9})
10	0.5	0.9	46	10	Poset(parent_to_children={0: {8, 1, 9}, 4: {1, 3, 5, 6, 7, 8, 9}, 3: {2, 6, 7, 8, 9}, 1: {9, 2, 5, 6}, 6: {8, 7}, 5: {8, 9}, 2: {8, 9, 7}, 8: {7}}, item_set={0, 1, 2, 3, 4, 5, 6, 7, 8, 9})
10	0.5	0.9	47	10	Poset(parent_to_children={1: {0, 2, 3, 4, 5, 8, 9}, 0: {2, 3, 4, 6, 7, 8, 9}, 4: {2, 3, 5, 6, 7, 8}, 7: {3}, 3: {9}}, item_set={0, 1, 2, 3, 4, 5, 6, 7, 8, 9})
10	0.5	0.9	48	10	Poset(parent_to_children={1: {3, 4, 5, 8, 9}, 0: {2, 3, 5, 6, 9}, 2: {9, 6}, 4: {3, 5}, 7: {8, 5}}, item_set={0, 1, 2, 3, 4, 5, 6, 7, 8, 9})
10	0.5	0.9	49	10	Poset(parent_to_children={0: {3, 4}, 1: {2, 3, 6}, 4: {3, 6, 7}, 3: {8, 2, 5, 7}, 2: {9, 5, 7}, 5: {8, 9}, 7: {8}}, item_set={0, 1, 2, 3, 4, 5, 6, 7, 8, 9})
10	0.5	0.9	50	9	Poset(parent_to_children={0: {3}, 6: {1, 2, 3, 5, 7, 8, 9}, 2: {9}, 3: {9}}, item_set={0, 1, 2, 3, 4, 5, 6, 7, 8, 9})
10	0.5	0.9	51	10	Poset(parent_to_children={0: {1, 2, 4, 5, 6, 7, 8, 9}, 1: {2, 3, 4, 5, 9}, 3: {2, 4, 6, 7, 9}, 6: {2, 5, 7, 8, 9}, 2: {8}, 5: {8, 9, 7}, 9: {7}}, item_set={0, 1, 2, 3, 4, 5, 6, 7, 8, 9})
10	0.5	0.9	52	10	Poset(parent_to_children={0: {8, 1, 3, 6}, 2: {1, 3, 4, 7, 8, 9}, 1: {4, 5, 6, 8, 9}, 3: {8, 9, 4, 7}, 5: {6, 7}, 4: {9, 6}, 6: {8, 9, 7}, 7: {8}}, item_set={0, 1, 2, 3, 4, 5, 6, 7, 8, 9})
10	0.5	0.9	53	9	Poset(parent_to_children={3: {5}, 1: {0, 4, 5, 6, 7, 8, 9}, 5: {6}, 7: {8}, 8: {9}}, item_set={0, 1, 2, 3, 4, 5, 6, 7, 8, 9})
10	0.5	0.9	54	10	Poset(parent_to_children={3: {1, 2, 4, 5, 7, 8, 9}, 1: {0, 2, 4, 5, 6, 8, 9}, 4: {5}, 2: {7}, 5: {7}, 6: {7}, 7: {8}, 8: {9}}, item_set={0, 1, 2, 3, 4, 5, 6, 7, 8, 9})
10	0.5	0.9	55	9	Poset(parent_to_children={1: {7}, 3: {0, 4, 6, 7, 9}, 5: {0, 8, 4, 6}, 0: {8, 9, 7}, 6: {8, 9, 7}, 8: {9}}, item_set={0, 1, 2, 3, 4, 5, 6, 7, 8, 9})
10	0.5	0.9	56	10	Poset(parent_to_children={1: {8, 3, 6}, 0: {2, 3, 4, 5, 6, 8, 9}, 4: {2, 3, 5, 6, 7, 9}, 3: {7}}, item_set={0, 1, 2, 3, 4, 5, 6, 7, 8, 9})
10	0.5	0.9	57	10	Poset(parent_to_children={0: {1, 2, 5}, 1: {9, 2, 3, 4}, 2: {6}, 4: {8, 5, 6, 7}, 3: {9, 5, 7}, 7: {5}, 9: {6}, 5: {6}}, item_set={0, 1, 2, 3, 4, 5, 6, 7, 8, 9})
10	0.5	0.9	58	10	Poset(parent_to_children={2: {1, 3, 7}, 0: {1, 3, 4, 5, 6, 8, 9}, 3: {1, 9, 7}, 5: {8, 1, 9}, 1: {4, 6, 7, 8, 9}, 4: {8, 9, 6, 7}, 8: {9}}, item_set={0, 1, 2, 3, 4, 5, 6, 7, 8, 9})
10	0.5	0.9	59	10	Poset(parent_to_children={0: {1, 3, 4, 5, 6, 7, 8, 9}, 1: {8, 2, 5, 7}, 6: {4, 7}, 7: {8, 9}, 5: {8}, 4: {9}}, item_set={0, 1, 2, 3, 4, 5, 6, 7, 8, 9})
10	0.5	0.9	60	10	Poset(parent_to_children={0: {1, 3, 4, 6, 8, 9}, 1: {2, 4, 5, 6, 7, 8}, 2: {8, 9, 5, 7}, 4: {3, 5, 7}, 6: {8, 5}, 5: {9}, 8: {9}}, item_set={0, 1, 2, 3, 4, 5, 6, 7, 8, 9})
10	0.5	0.9	61	10	Poset(parent_to_children={1: {0, 3, 4, 6, 7, 8, 9}, 3: {0, 2, 4, 6, 7, 9}, 2: {0, 4}, 5: {8}, 9: {0, 8}, 6: {0, 7}, 7: {0, 8}}, item_set={0, 1, 2, 3, 4, 5, 6, 7, 8, 9})
10	0.5	0.9	62	10	Poset(parent_to_children={0: {1, 2, 3, 4, 6, 7, 9}, 2: {3, 5, 7}, 1: {8}, 3: {8, 6}, 4: {8, 9, 5, 6}, 5: {9}, 6: {8, 9, 7}, 7: {8}}, item_set={0, 1, 2, 3, 4, 5, 6, 7, 8, 9})
10	0.5	0.9	63	10	Poset(parent_to_children={1: {9, 5, 7}, 2: {3, 4, 5, 6, 7, 8, 9}, 3: {8, 9, 4}, 0: {4, 5, 6, 7, 8, 9}, 7: {8, 9, 4, 6}, 5: {9}, 6: {4}, 4: {8, 9}, 9: {8}}, item_set={0, 1, 2, 3, 4, 5, 6, 7, 8, 9})
10	0.5	0.9	64	10	Poset(parent_to_children={1: {0, 2, 3, 4, 5, 6, 7, 9}, 3: {6, 7}, 0: {5, 6, 7}, 4: {5, 6, 7, 8, 9}, 2: {5}, 6: {8, 9, 5, 7}}, item_set={0, 1, 2, 3, 4, 5, 6, 7, 8, 9})
10	0.5	0.9	65	10	Poset(parent_to_children={0: {1, 3, 4, 5, 6}, 3: {2}, 1: {2, 4, 7}, 4: {9, 2}, 5: {2, 6, 7, 8, 9}, 6: {8, 7}, 7: {8}}, item_set={0, 1, 2, 3, 4, 5, 6, 7, 8, 9})
10	0.5	0.9	66	9	Poset(parent_to_children={7: {2, 4}, 3: {0, 4, 5, 6, 8, 9}, 0: {9, 2, 5, 6}, 2: {5}, 8: {5}}, item_set={0, 1, 2, 3, 4, 5, 6, 7, 8, 9})
10	0.5	0.9	67	9	Poset(parent_to_children={0: {8, 9, 3, 5}, 1: {3, 4, 5, 8, 9}, 3: {8, 4, 5, 6}, 7: {9, 5}, 9: {8, 4}, 6: {8}}, item_set={0, 1, 2, 3, 4, 5, 6, 7, 8, 9})
10	0.5	0.9	68	10	Poset(parent_to_children={0: {2, 4, 5, 6, 7, 8, 9}, 2: {1, 3, 4, 5, 6, 7, 8, 9}, 1: {4, 5}, 3: {8, 7}, 4: {9, 5, 6}, 6: {7}, 7: {8, 9, 5}}, item_set={0, 1, 2, 3, 4, 5, 6, 7, 8, 9})
10	0.5	0.9	69	9	Poset(parent_to_children={0: {1, 2, 5, 7, 8, 9}, 1: {2, 4, 5, 7, 9}, 2: {9, 4, 6}, 5: {8, 9, 4, 7}, 7: {8, 6}, 6: {9}}, item_set={0, 1, 2, 3, 4, 5, 6, 7, 8, 9})
10	0.5	0.9	70	10	Poset(parent_to_children={2: {0, 3, 4, 5, 8}, 9: {0, 8, 5}, 4: {0, 3, 6}, 1: {0, 3, 5, 6, 7, 8}, 0: {3}, 6: {8, 3, 5, 7}, 5: {3, 7}, 7: {8}}, item_set={0, 1, 2, 3, 4, 5, 6, 7, 8, 9})
10	0.5	0.9	71	10	Poset(parent_to_children={0: {1, 4, 5, 6, 7, 8, 9}, 5: {1, 3, 4, 6, 7, 9}, 3: {9, 6}, 1: {2, 4, 6, 7, 8, 9}, 8: {2, 4, 6, 7, 9}, 2: {9, 4, 7}, 6: {7}, 4: {9, 7}}, item_set={0, 1, 2, 3, 4, 5, 6, 7, 8, 9})
10	0.5	0.9	72	10	Poset(parent_to_children={1: {0, 2, 4, 5, 8}, 0: {2, 3, 5, 6, 7, 8, 9}, 3: {8, 2, 5, 7}, 4: {2}, 2: {6}, 7: {8, 6}, 6: {9, 5}, 5: {9}}, item_set={0, 1, 2, 3, 4, 5, 6, 7, 8, 9})
10	0.5	0.9	73	9	Poset(parent_to_children={0: {1, 2, 6, 7}, 8: {4, 5}, 2: {1, 4, 5, 6, 7, 9}, 1: {5, 7}, 6: {9, 7}, 4: {5, 7}}, item_set={0, 1, 2, 3, 4, 5, 6, 7, 8, 9})
10	0.5	0.9	74	10	Poset(parent_to_children={1: {0, 4, 5}, 0: {3, 4, 5, 6, 7, 8}, 2: {8, 9, 5, 7}, 4: {8, 9, 5, 6}, 5: {6}, 7: {8, 9}}, item_set={0, 1, 2, 3, 4, 5, 6, 7, 8, 9})
10	0.5	0.9	75	10	Poset(parent_to_children={0: {1, 2, 3, 4, 5, 6, 7, 8}, 1: {8, 9, 7}, 2: {7}, 3: {8, 5, 6}, 4: {8, 9, 5}, 5: {9, 7}, 9: {6, 7}, 8: {7}, 6: {7}}, item_set={0, 1, 2, 3, 4, 5, 6, 7, 8, 9})
10	0.5	0.9	76	10	Poset(parent_to_children={3: {0, 1, 2, 5, 7, 9}, 1: {2, 4}, 4: {7}, 0: {8, 9, 2, 6}, 2: {5}, 7: {8}}, item_set={0, 1, 2, 3, 4, 5, 6, 7, 8, 9})
10	0.5	0.9	77	10	Poset(parent_to_children={0: {1, 3, 4, 6, 8, 9}, 3: {9}, 6: {8, 9}, 2: {7}, 7: {8, 5}, 8: {9}}, item_set={0, 1, 2, 3, 4, 5, 6, 7, 8, 9})
10	0.5	0.9	78	10	Poset(parent_to_children={2: {3, 6, 7, 8, 9}, 5: {0, 1, 3, 6, 8, 9}, 3: {0, 1, 4, 7, 8, 9}, 0: {8, 9, 4, 6}, 4: {1, 6, 7, 8, 9}, 1: {8, 9}}, item_set={0, 1, 2, 3, 4, 5, 6, 7, 8, 9})
10	0.5	0.9	79	9	Poset(parent_to_children={0: {9, 2, 7}, 2: {9}, 3: {8, 4, 5, 7}, 4: {8, 9, 5}, 6: {8, 9, 7}, 9: {7}}, item_set={0, 1, 2, 3, 4, 5, 6, 7, 8, 9})
10	0.5	0.9	80	10	Poset(parent_to_children={2: {5}, 0: {5, 7}, 3: {1, 5, 6, 8, 9}, 1: {9}, 4: {9, 5, 6, 7}, 6: {8, 7}, 5: {8}, 8: {7}, 7: {9}}, item_set={0, 1, 2, 3, 4, 5, 6, 7, 8, 9})
10	0.5	0.9	81	9	Poset(parent_to_children={0: {2, 3, 4, 7, 9}, 2: {3, 5, 6, 7}, 3: {5, 6, 7, 8, 9}, 5: {8, 9, 6, 7}, 6: {7}}, item_set={0, 1, 2, 3, 4, 5, 6, 7, 8, 9})
10	0.5	0.9	82	10	Poset(parent_to_children={1: {0}, 0: {5, 6, 7, 8, 9}, 5: {3, 4, 6, 7, 9}, 6: {9, 2, 3, 7}, 3: {2}, 7: {8, 9, 2, 4}, 2: {9, 4}, 4: {9}}, item_set={0, 1, 2, 3, 4, 5, 6, 7, 8, 9})
10	0.5	0.9	83	10	Poset(parent_to_children={0: {1, 3, 4, 5, 7, 8, 9}, 2: {1, 3, 4, 7, 9}, 1: {3, 4, 5, 6, 7, 9}, 3: {8}, 6: {8, 9, 4, 7}, 4: {8, 9}, 7: {8}}, item_set={0, 1, 2, 3, 4, 5, 6, 7, 8, 9})
10	0.5	0.9	84	10	Poset(parent_to_children={2: {0, 9}, 0: {1, 4, 5, 6, 8}, 1: {9, 3, 5, 7}, 3: {8, 9, 5, 6}, 4: {8, 9, 5, 7}, 9: {8}, 7: {5}}, item_set={0, 1, 2, 3, 4, 5, 6, 7, 8, 9})
10	0.5	0.9	85	10	Poset(parent_to_children={0: {8, 9}, 1: {3, 4, 5, 6, 7, 9}, 3: {2, 4, 5, 6}, 6: {4}, 8: {2, 4}, 4: {2}, 5: {9, 7}}, item_set={0, 1, 2, 3, 4, 5, 6, 7, 8, 9})
10	0.5	0.9	86	9	Poset(parent_to_children={0: {4}, 2: {9, 6, 7}, 4: {3, 5, 6, 7, 8, 9}, 6: {8, 3, 7}, 3: {9}, 5: {8, 9}, 9: {8}}, item_set={0, 1, 2, 3, 4, 5, 6, 7, 8, 9})
10	0.5	0.9	87	10	Poset(parent_to_children={1: {3, 4, 5}, 0: {2, 3, 4, 5, 6, 7, 8, 9}, 3: {4, 5, 6, 7, 8, 9}, 2: {9, 7}, 5: {8, 6}, 6: {8}, 7: {8}, 8: {9}}, item_set={0, 1, 2, 3, 4, 5, 6, 7, 8, 9})
10	0.5	0.9	88	9	Poset(parent_to_children={1: {2, 3, 5, 6, 7, 9}, 2: {3, 4, 5, 6, 7, 8, 9}, 5: {8, 3}, 4: {3, 6, 7, 8, 9}, 7: {3, 6}, 3: {8, 6}, 8: {6}, 6: {9}}, item_set={0, 1, 2, 3, 4, 5, 6, 7, 8, 9})
10	0.5	0.9	89	9	Poset(parent_to_children={0: {2, 3, 5, 7, 8, 9}, 2: {8, 3, 4, 6}, 3: {4, 5, 6, 7, 9}, 8: {5, 6}, 4: {9, 7}, 7: {9, 5}, 5: {9}}, item_set={0, 1, 2, 3, 4, 5, 6, 7, 8, 9})
10	0.5	0.9	90	9	Poset(parent_to_children={0: {9, 3, 6}, 2: {8}, 3: {8, 4, 7}, 4: {7}, 5: {6, 7}, 7: {8}, 6: {8, 9}, 8: {9}}, item_set={0, 1, 2, 3, 4, 5, 6, 7, 8, 9})
10	0.5	0.9	91	10	Poset(parent_to_children={2: {8, 1, 3, 9}, 0: {4, 5, 6, 7, 8, 9}, 4: {8, 5}, 1: {8, 9, 5}, 5: {3, 6, 7, 8, 9}, 6: {8, 9, 3, 7}, 3: {8, 9, 7}, 7: {9}}, item_set={0, 1, 2, 3, 4, 5, 6, 7, 8, 9})
10	0.5	0.9	92	10	Poset(parent_to_children={2: {0, 8}, 4: {7}, 6: {0, 1, 7, 8, 9}, 3: {0, 1, 5, 7, 8}, 7: {1, 5}, 1: {8}, 5: {8}}, item_set={0, 1, 2, 3, 4, 5, 6, 7, 8, 9})
10	0.5	0.9	93	10	Poset(parent_to_children={1: {0, 2, 3, 6}, 0: {2, 3, 4, 8, 9}, 8: {9, 3, 4, 7}, 2: {5, 6}, 4: {9, 3, 5}, 3: {9}, 7: {5}, 5: {9}}, item_set={0, 1, 2, 3, 4, 5, 6, 7, 8, 9})
10	0.5	0.9	94	10	Poset(parent_to_children={2: {0, 1, 3, 4, 5, 6, 7, 9}, 0: {1, 3, 4, 5, 7, 8}, 1: {8}, 3: {8, 6, 7}, 4: {8, 6}, 5: {8, 9, 6}, 7: {9}, 9: {8}}, item_set={0, 1, 2, 3, 4, 5, 6, 7, 8, 9})
10	0.5	0.9	95	10	Poset(parent_to_children={0: {5}, 3: {1, 4, 5, 6, 8, 9}, 6: {4, 7}, 1: {2, 4, 5, 7, 8, 9}, 2: {8, 4, 5}, 9: {5}, 5: {8}}, item_set={0, 1, 2, 3, 4, 5, 6, 7, 8, 9})
10	0.5	0.9	96	10	Poset(parent_to_children={0: {9}, 1: {9, 2, 7}, 2: {3, 4, 5, 6, 7, 8, 9}, 3: {8, 9, 7}, 6: {8, 7}}, item_set={0, 1, 2, 3, 4, 5, 6, 7, 8, 9})
10	0.5	0.9	97	10	Poset(parent_to_children={3: {0, 1, 4, 7}, 0: {9, 2, 5}, 1: {8, 9, 4, 6}, 5: {8, 6, 7}, 6: {8, 9, 7}, 4: {9}, 7: {9}, 8: {9}}, item_set={0, 1, 2, 3, 4, 5, 6, 7, 8, 9})
10	0.5	0.9	98	10	Poset(parent_to_children={0: {7}, 5: {1, 2, 3, 7, 8, 9}, 1: {9, 2, 6, 7}, 2: {8, 9, 7}, 3: {4}}, item_set={0, 1, 2, 3, 4, 5, 6, 7, 8, 9})
10	0.5	0.9	99	10	Poset(parent_to_children={7: {0, 9, 4}, 1: {0, 8, 2, 9}, 3: {0}, 0: {2, 5, 6, 8, 9}, 5: {8, 2, 6}, 8: {9, 2}, 2: {4}, 6: {9, 4}, 4: {9}}, item_set={0, 1, 2, 3, 4, 5, 6, 7, 8, 9})
